Cod_ibge,Municipio,idx_riesgo_ambiental,riesgo_salud_norm,riesgo_clima_norm,riesgo_nutricion_norm,idx_vulnerabilidad_socio,cat_vulnerabilidad,idx_gobernanza,idx_biodiv,pct_rural,pct_pobreza,pct_preta,pct_indigena,population,mean_species_richness,UAI_housing,UAI_env,UAI_food,UAI_mob,UAI_Crisk
3536208,Pariquera-Açu,37.148607853084414,16.34651077738187,46.22254466729477,60.6049283760688,30.85580492747941,Alta,0.5519999999999999,74.49583714939641,25.8,0.36094376177711723,4.466679051991826,0.6555375673452056,18839.5,678.358974358974,0.33,0.63,1.0,0.4,0.4
3521200,Iporanga,22.316127463287188,26.48987713524937,2.2855633185663105,54.029756408804566,72.95019970448,Alta,0.246,85.87584742868845,53.2,1.7807070101857398,13.229478729778311,0.21569802276812464,4172.5,660.485333333333,0.0,0.38,0.25,0.4,0.2
3502705,Apiaí,43.639381686421196,16.255644400268444,54.85630137683359,75.97301687790188,19.081525143533273,Alta,0.416,71.043421724132,21.5,0.29130504660880746,4.0421086467373835,0.08036001285760207,24888.0,636.427215189873,0.0,0.63,0.25,0.4,0.8
3514809,Eldorado,34.09228026219382,16.577125106857014,34.26068707528099,68.78577694669306,57.66621145534018,Alta,0.476,83.23323982642825,47.4,0.5420425839047275,12.20498015156983,0.5701912666907253,13855.0,675.707224334601,0.33,0.5,0.75,0.4,0.4
3532827,Nova Campina,25.23078343446058,0.0,23.569158557138834,79.01560005802523,25.935795400078167,Alta,0.346,59.10111728623069,29.0,0.8887843874911826,2.468845520808841,0.04702562896778745,8506.0,647.612903225806,0.33,0.25,0.75,0.2,0.2
3517604,Guapiara,29.922077221459308,6.304741943182414,26.741473238172635,83.51795574458643,30.637589238528694,Alta,0.346,65.75149007788285,59.5,0.40434571844078815,1.613961048219225,0.03706977672588326,17534.5,691.038759689922,0.33,0.5,0.5,0.2,0.2
3541000,Praia Grande,41.91643785342394,4.791094633559855,100.0,0.0,15.758800656740076,Media,0.606,74.10563212088039,0.3,0.024706447533113497,7.76341288853013,0.14722559012787875,305993.0,653.717391304348,1.0,0.63,0.0,1.0,0.4
3522109,Itanhaém,46.55364262633241,13.78989105858914,89.06212173312342,27.064187548236944,19.029465714365713,Alta,0.704,82.513320842589,1.1,0.07878396054787928,7.114111450236302,0.4039432073892539,99766.5,651.775401069519,0.67,0.5,0.75,1.0,0.6
3551009,São Vicente,44.79976905675812,4.489071033001494,65.11147741693742,84.79774838391279,17.94833806765497,Alta,0.8,70.72661976758286,0.1,0.024307170162269232,8.951832549263539,0.12757489929886648,331178.0,616.061224489796,1.0,0.5,0.5,1.0,1.0
3553500,Tapiraí,30.912157268022284,28.858932391251052,19.19086366792749,58.46119422175433,46.58214079278296,Alta,0.21,87.02968817926566,29.3,0.902048975512244,5.266116941529235,1.0557221389305347,8004.0,683.244979919679,0.0,0.25,0.0,0.4,0.4
3518701,Guarujá,14.308445687898786,4.027767476330822,31.74334674341614,0.0,16.77329612392983,Media,0.746,68.0055706057777,0.3,0.02631460650845629,8.101510064213173,0.16597912120971117,289193.0,645.133333333333,1.0,0.63,0.5,1.0,0.6
3526209,Juquitiba,36.78810244638756,13.210230781498353,59.099548662563976,39.320953343813144,30.07219536656225,Alta,0.4640000000000001,85.05085186257745,42.7,0.2611282307048325,4.8948184036622076,0.1246860583174507,28070.5,696.081395348837,0.67,0.5,0.75,0.2,0.2
3510203,Capão Bonito,37.07144673852352,8.950534529163008,40.17669030521432,87.10278402386295,11.032345459066448,Baja,0.544,65.14363375600429,14.9,0.14657082635248336,2.308814786791331,0.10052423931254391,46257.5,706.106666666667,0.67,0.75,0.5,0.6,0.2
3548500,Santos,49.159872442001706,9.398291871175825,88.41532912784092,50.172120211975,10.48792233575357,Baja,0.8460000000000001,72.09036185659676,0.1,0.016873347271147768,5.716055216656643,0.09928306173688078,419004.0,608.626373626374,1.0,0.88,0.75,0.6,1.0
3520400,Ilhabela,17.547896204456592,33.64862577295163,10.221114738189849,0.0,18.465864270387875,Alta,0.6900000000000001,47.05,3.1,0.21289402819578648,6.447014097893236,0.2867099635672422,31565.0,252.258620689655,1.0,0.5,0.75,0.6,0.6
3522208,Itapecerica da Serra,49.665386337060454,6.785912802709476,89.67636006457812,55.40238595072707,21.8292435036258,Alta,0.526,72.42844833473718,5.5,0.045060680859816925,9.464028591998353,0.14495268949912576,155568.0,715.041666666667,1.0,0.63,0.0,0.4,0.6
3513801,Diadema,42.933767526835034,7.75476246266664,99.57965635442095,0.0,17.87956481121574,Alta,0.65,31.23864252054548,0.0,0.01683506003905939,9.317281856373327,0.07698960383716186,389663.0,511.666666666667,1.0,0.75,0.5,0.6,0.4
3550704,São Sebastião,37.50434413788478,21.390487957357152,41.08496770323678,62.57080936823603,22.391943432271695,Alta,0.716,82.16967804810363,1.6,0.09579714151616657,7.877225354738744,0.4950590534728071,77768.5,635.68253968254,1.0,0.88,0.5,0.6,0.6
3506359,Bertioga,21.400157446074786,18.836537463382136,34.66385615180482,0.0,24.543697547176567,Alta,0.626,82.64808868622362,1.1,0.13216134772383825,8.758595405649496,0.4953815063532231,55916.5,661.71974522293,1.0,0.88,0.25,1.0,0.0
3548708,São Bernardo do Campo,46.651046484726464,3.5572477012363732,85.54733337753676,55.04607026608603,11.659014189624713,Baja,0.72,68.36077469437929,0.5,0.008488813545557902,6.124127009907422,0.11553161036218938,788096.0,677.5,1.0,1.0,0.0,1.0,0.6
3543303,Ribeirão Pires,32.480342196012145,2.928395903588047,47.111178272890335,62.32256262710395,13.370738625493505,Media,0.564,72.75380745327469,1.7,0.055024122260275476,6.218425645264995,0.14477730101868982,114313.5,739.533333333333,0.67,0.75,0.0,0.4,1.0
3529401,Mauá,50.981385538041046,2.8110264644624805,90.82398765182715,67.63689945762596,14.837021099506472,Media,0.76,49.63414576576208,0.3,0.017813425912070153,7.697961871128004,0.09840481249812948,417662.5,661.578947368421,1.0,0.75,0.25,1.0,0.8
3515004,Embu das Artes,51.6258324371597,5.0022508817697275,93.88399995682461,60.356660508609835,22.189602141263858,Alta,0.744,65.77866574088827,0.6,0.029088183231110506,11.053917025346237,0.08860896152334083,245460.5,736.25,0.67,0.75,0.5,0.8,1.0
3547809,Santo André,46.327637457104935,2.712288956139326,91.2845769656,43.644455442046024,9.369517315984705,Baja,0.6599999999999999,57.38544175564002,0.1,0.009583772414170511,5.336603696277202,0.08454206265794632,712663.0,590.4,1.0,0.5,0.0,0.8,1.0
3548807,São Caetano do Sul,23.31404720089466,5.363606307092176,52.921511695144474,0.0,4.495216394870495,Baja,0.536,1.2299178181983932,0.0,0.03219885811544593,2.9861741786750837,0.08033837379889369,157459.0,256.6,0.33,0.75,0.0,0.8,0.8
3552809,Taboão da Serra,40.663919605755595,5.8632354701796325,95.79656354420935,0.0,21.954752291854902,Alta,0.71,54.24321601748352,0.0,0.02532476306290655,10.919759878008763,0.11349817592217266,259035.0,747.0,1.0,0.75,0.0,0.8,1.0
3556453,Vargem Grande Paulista,38.015620160566094,6.7645486798898755,48.046491713658504,80.45602001573369,12.314656656548514,Media,0.432,57.697703657691775,1.1,0.14237999400505288,5.8204513338757335,0.0706547338671691,46706.0,705.642857142857,0.33,0.38,0.25,0.6,0.6
3513009,Cotia,32.36602401814046,4.661704723310824,40.05713548501172,72.39243967405719,16.16449227453346,Media,0.434,74.41836149485769,2.8,0.029396736079131475,7.65997354714307,0.11333934725788171,237781.5,703.326923076923,0.67,0.5,0.0,0.4,0.6
3525003,Jandira,35.19613355928693,5.497646736585472,82.49268716163185,0.0,17.358937141954588,Media,0.5399999999999999,58.78349534454888,0.0,0.05291776543913352,8.814474201485055,0.08436805675187399,113194.5,757.0,1.0,0.5,0.0,0.8,0.4
3510609,Carapicuíba,34.120301570395156,5.746268846953731,79.55448507903417,0.0,18.964751652410648,Alta,0.526,34.86578869488014,0.0,0.018557485910056997,9.625043618022438,0.10521195715388439,378284.0,543.75,1.0,0.63,0.0,0.4,0.6
3522505,Itapevi,44.078415146342905,6.660834423390445,65.53182106251649,76.00676475990066,18.82811663012865,Alta,0.5,63.948713648654426,1.6,0.03616076995192419,9.50640318103938,0.050569659128169846,216533.0,705.148148148148,0.67,0.63,0.0,0.8,0.4
3552502,Suzano,37.6737733845267,2.095577996740668,49.185192266869386,85.80732639541337,17.09288815791098,Media,0.646,60.44788521515592,1.3,0.024389858731832626,8.408886330975648,0.11405329622799429,284954.5,708.169230769231,0.33,0.75,0.75,1.0,0.4
3505708,Barueri,43.767667835074874,13.409261076725926,58.38597908767233,75.24785884657786,13.78960779826518,Media,0.526,57.27179915379082,0.0,0.02584248288832817,7.352186381729364,0.07878368047205603,278611.0,737.190476190476,1.0,0.63,0.0,0.8,0.2
3534401,Osasco,25.67960832237442,3.7113234903683705,60.48769731556768,0.0,14.759880963407925,Media,0.6799999999999999,36.19349326317364,0.0,0.009846956509275417,7.908095072580096,0.07711299275094868,697677.5,572.809523809524,1.0,0.5,0.5,1.0,0.4
3523107,Itaquaquecetuba,40.29840410542054,3.268072137025741,97.47793812652559,0.0,18.0063867176487,Alta,0.5,53.66022719511915,0.0,0.021937789868966565,9.189560737723303,0.10071703000528184,345522.5,729.5,1.0,0.5,0.0,0.4,0.6
3550605,São Roque,30.25545352551103,4.472018567106051,35.910392480073774,70.51244553319547,15.046348775435208,Media,0.3359999999999999,68.91414043615029,9.8,0.08742617099902089,5.58036701304444,0.09096364612614889,79152.5,712.877551020408,0.0,0.63,0.25,0.6,0.2
3522307,Itapetininga,37.60114614820161,2.6259023491177094,46.33263276059071,90.08866052159121,8.635853517088744,Baja,0.656,56.91212358302592,9.7,0.046993880867202575,2.972528436262067,0.07380024953088854,151083.5,711.847368421053,1.0,0.38,0.5,0.6,0.8
3547304,Santana de Parnaíba,40.80265202455081,6.0852766355343295,58.44173501491351,74.95923682185835,12.251336682015147,Media,0.6559999999999999,70.5887692858846,0.9,0.05423744285290471,6.257464304459946,0.08443697274435376,131459.0,747.964912280702,1.0,0.88,0.0,0.8,0.6
3510302,Capela do Alto,29.76993094335498,6.3211447576590825,22.328944345329422,91.54947651079787,16.577563811893082,Media,0.27,58.222615310111536,21.1,0.35694836378038514,2.6436952324372496,0.06931036189910392,20199.0,732.654545454545,0.0,0.5,0.25,0.2,0.4
3550308,São Paulo,49.034321593105915,7.600749298215945,85.7038443094013,58.562420750295054,16.50564756033556,Media,0.8859999999999999,44.68013714881694,0.2,0.0005707867634901884,8.351086005497699,0.13522713569600883,11352751.0,565.101030927835,1.0,0.88,0.75,1.0,0.8
3502754,Araçariguama,33.13587920783715,15.286695261675657,34.32564862087912,66.45470827407617,24.109218441864762,Alta,0.254,72.96019646231244,12.2,0.38909901041396816,7.3623128335319405,0.11916481011346562,19301.0,755.25,0.67,0.0,0.0,0.4,0.2
3552205,Sorocaba,58.22726215813073,15.397023631604567,84.28630244079956,91.76965864584538,9.341960510376218,Baja,0.8859999999999999,53.57050333507865,0.7,0.010928736547999819,5.1558146297012835,0.09104736523578062,655153.5,697.289655172414,1.0,0.88,0.75,1.0,0.8
3530607,Mogi das Cruzes,41.48009685975834,4.348518760223495,60.17847900157848,78.34648877518772,16.66176629114605,Media,0.7699999999999999,66.41644223130962,6.1,0.01839663332078295,7.352576720156705,0.10711511240533599,419642.0,724.008771929825,0.67,0.63,0.75,1.0,0.8
3521002,Iperó,35.18593374199186,19.186821168302217,24.106949650767316,89.34212707182024,21.8434571857364,Alta,0.5,66.65405238443114,17.0,0.2171126793187047,6.8036875183372185,0.05559072870180207,32379.5,733.981818181818,1.0,0.5,0.0,0.4,0.6
3509205,Cajamar,34.979029555597904,12.293600824338101,46.71370732507142,56.88053147917051,15.291068123236315,Media,0.37,60.46682544458642,0.9,0.09170742906704592,7.57319694138505,0.0656875187336977,78401.5,736.130434782609,0.67,0.38,0.0,0.4,0.4
3518800,Guarulhos,48.2198351988787,6.492409890899909,86.5042859323657,55.10578434786226,15.402414096457665,Media,0.8099999999999999,59.76224846302488,0.0,0.005712580805569368,7.948483341621084,0.1199005469915465,1256875.0,662.872549019608,1.0,0.5,0.75,0.8,1.0
3516408,Franco da Rocha,41.66074473905951,9.30613738380802,57.4603287192163,74.7707914892489,20.36378617872984,Alta,0.6799999999999999,68.04691325464024,4.0,0.05230545517682933,9.34553070503847,0.09766578767457759,138226.5,734.414634146341,1.0,0.5,0.5,1.0,0.4
3516309,Francisco Morato,56.4035654684974,6.905012849750378,94.22251074374303,79.76278015550014,21.857484054686992,Alta,0.4359999999999999,62.55692626402896,0.5,0.04505476970442194,10.866960148430435,0.08228753077960396,159805.5,729.466666666667,1.0,0.38,0.0,0.4,0.4
3528502,Mairiporã,51.64872565874212,12.001844152976133,87.38074715080715,59.478445686144035,15.034842488663239,Media,0.65,76.28965199544434,9.8,0.0802018202724116,5.636437483195945,0.08809615065585868,87404.5,720.203883495146,1.0,0.5,0.75,0.8,0.2
3554003,Tatuí,33.665775879335335,2.8782421624843,32.85686162943043,96.85867181284719,7.201148224153794,Baja,0.736,52.58926259221427,3.1,0.06382205925592818,3.4345434733728837,0.08302056488576023,115634.0,714.645962732919,0.33,0.75,1.0,1.0,0.6
3508405,Cabreúva,37.06881523869454,3.3712018758730875,45.47963636008514,87.64239972155626,16.843523299478452,Media,0.476,70.4003947266289,7.7,0.1613722281780737,5.851153867855329,0.17265699937933757,44307.5,725.361445783133,0.33,0.75,0.5,0.4,0.4
3555406,Ubatuba,42.15061881627217,12.375479335888418,69.12435294680017,47.75342951598368,22.6682834827145,Alta,0.666,84.24544158238393,6.4,0.09360701354041752,6.971626829353483,0.5116950553608643,85891.0,649.575221238938,1.0,0.38,0.75,1.0,0.2
3546801,Santa Isabel,36.219494911888916,9.491384244491487,37.21778560418104,87.67913486209952,18.61310853822516,Alta,0.512,67.74105154429942,20.4,0.14243392166134308,4.897372306445232,0.08298995435552511,51813.5,747.483050847458,0.33,0.88,0.75,0.4,0.2
3556503,Várzea Paulista,43.72672501467192,6.644260112271416,57.232269932785094,90.88056498324657,12.483752213035217,Media,0.474,60.0,0.3,0.06192228304765324,6.597864129947053,0.060127434263663286,111430.0,757.166666666667,0.67,0.5,0.0,0.6,0.6
3524402,Jacareí,37.882164392234046,5.157432323240718,42.48128165234425,94.13339401000029,10.746919565252547,Baja,0.736,57.14366448881096,2.2,0.030122550051053295,5.541884741377974,0.06999063100097677,225744.5,735.896551724138,1.0,0.38,0.5,0.8,1.0
3509601,Campo Limpo Paulista,35.99767373578386,6.27737599671196,41.221535698627285,84.99054528824081,14.144089539047073,Media,0.434,64.9636384491052,1.9,0.09083358601505544,6.618063886728278,0.10085296560452454,75853.0,749.730769230769,0.67,0.5,0.0,0.4,0.6
3525904,Jundiaí,39.36259023470366,5.633621782126701,48.69109059592887,88.16352641740714,9.307756880481557,Baja,0.8300000000000001,63.53613671255178,3.1,0.016499722750560337,4.805452039535401,0.06577758324552743,406673.5,714.109489051095,1.0,1.0,0.75,0.6,0.8
3538808,Piraju,35.11307447961005,8.01823736890538,32.89875207589007,93.73139350845933,8.650276913685161,Baja,0.354,48.49347553896236,6.3,0.26661601422873027,2.576367184127368,0.03971611610920205,28955.5,651.575,0.67,0.25,0.25,0.4,0.2
3556701,Vinhedo,35.00608281133048,10.919764437519861,32.98859808866486,87.21368900428295,9.706093825709258,Baja,0.5800000000000001,61.30367769253532,1.3,0.08547923311285684,4.800536564134398,0.08633545247625775,70075.5,750.64,1.0,0.5,0.0,0.6,0.8
3520509,Indaiatuba,38.20842827958613,3.7518144752393012,43.70977681900912,96.11895880943379,9.41765198224027,Baja,0.86,52.84222545359344,1.7,0.0261059499264267,4.992270977136522,0.07805547842323561,228683.5,712.65625,1.0,0.75,0.75,1.0,0.8
3504107,Atibaia,50.58240804802932,6.951981004208122,75.7370832221823,87.53391178736575,12.887087867594317,Media,0.706,64.57817669422131,10.3,0.047817703768624015,4.681156879929886,0.09570552147239264,142625.0,739.274509803922,1.0,0.88,0.25,0.8,0.6
3514908,Elias Fausto,47.668525035217755,32.78095468744585,37.495136339268434,97.7904431226602,18.352759861317526,Alta,0.25,52.90088993802648,13.1,0.44034175778215934,4.839576985122782,0.0238991456055446,16737.0,724.861538461538,0.0,0.25,0.0,0.4,0.6
3520905,Ipaussu,46.598301546471106,24.54764270134428,43.475293117476774,96.94563609471342,17.057209163057262,Media,0.366,39.52898659206983,2.9,0.5150684931506849,5.3442922374429225,0.091324200913242,13687.5,582.761194029851,0.33,0.25,0.25,0.6,0.4
3525201,Jarinu,30.38140945520163,4.408458060631723,29.407144813988435,84.27584152676782,16.910535533187687,Media,0.5820000000000001,65.03831582520382,12.5,0.227754064709524,5.113877032354762,0.08797367306376462,30691.0,748.970149253731,0.33,0.63,0.75,0.6,0.6
3508504,Caçapava,35.73894692874857,6.442961693061783,34.735969398900366,96.33687245981854,10.272285391491504,Baja,0.3359999999999999,56.93208049718852,3.4,0.08156769123644683,4.9802712291521605,0.040341744310708805,90477.0,736.284482758621,0.0,0.63,0.25,0.6,0.2
3538600,Piracaia,33.28362765274621,8.733333387503729,32.161120422954745,84.62923064281411,17.511643965766957,Alta,0.426,61.7439706786259,17.7,0.3003226121810538,3.7188385961482058,0.12317919640238537,25572.5,724.791666666667,0.33,0.5,0.5,0.4,0.4
3523404,Itatiba,36.57373974749714,3.4327298127633443,42.41872867891925,91.1657817541205,11.8794926352321,Baja,0.8299999999999998,59.72686730257016,3.7,0.059535284070276744,5.7239947816964865,0.05155540412712218,111530.5,746.33,1.0,0.75,1.0,0.8,0.6
3533809,Óleo,39.89495328432233,48.9924158732316,2.8042441447178694,95.8814463857127,47.52716809430775,Alta,0.216,44.710140972522574,23.5,2.7656702025072324,2.7193828351012534,0.019286403085824494,2592.5,649.21875,0.0,0.38,0.5,0.2,0.0
3531803,Monte Mor,42.43739730653965,8.772466900544709,47.972419124453694,98.69721448270144,16.714387902371666,Media,0.3259999999999999,54.34385794489052,3.0,0.11970671853957804,7.62866271751855,0.07041571678798708,56805.5,727.315068493151,0.0,0.63,0.0,0.6,0.4
3526407,Laranjal Paulista,38.12974533074028,16.966262074319438,29.26703026546208,98.18214197413835,16.674959957570785,Media,0.452,51.60332426525824,11.4,0.25469793446187294,5.385152974064296,0.03882590464357819,25756.0,717.3125,0.33,0.38,0.75,0.6,0.2
3534708,Ourinhos,39.60694372090978,16.92267087203666,33.600918197466946,96.9875404655417,10.001869965103708,Baja,0.596,37.518551808107226,1.8,0.06453950387671795,4.889253882756455,0.09758218400521726,103502.5,579.626373626374,0.33,0.75,0.5,0.8,0.6
3519071,Hortolândia,45.51740513902007,9.433384415106403,54.8274499100769,99.06535704473373,16.56904974533448,Media,0.646,33.72048392488489,0.3,0.03246896930820599,8.371124511742634,0.10527958484439817,214666.5,570.052631578947,1.0,0.63,0.0,1.0,0.6
3504503,Avaré,41.076354385859005,7.338921216301711,48.77522717214814,93.1534751523953,10.59940815088879,Baja,0.6159999999999999,47.39141741868076,5.0,0.0827363305811459,4.5647238233971965,0.07795651505926401,87869.5,663.167101827676,1.0,0.13,0.75,0.8,0.4
3507605,Bragança Paulista,40.77911653003388,4.069878399582899,51.90490303261134,91.94601978578093,10.131756779352292,Baja,0.8560000000000001,56.371048982027865,7.0,0.041229466396748626,4.152617020290213,0.08530234426913508,161777.5,719.006211180124,1.0,0.88,1.0,0.6,0.8
3512308,Conchas,51.44578160220968,37.8591407051334,43.62450431779995,94.26161796518164,18.302280308109484,Alta,0.456,55.05424894127167,21.7,0.43147208121827413,2.928299492385787,0.06345177664974619,15760.0,714.797297297297,0.33,0.5,0.25,0.6,0.6
3549904,São José dos Campos,37.94855063768027,7.467961012408622,42.09475875985776,90.61731364386858,9.945512535679635,Baja,0.86,60.821738819059206,1.3,0.010007724335424557,5.377343205410803,0.08304602573522485,663487.5,730.626062322946,1.0,1.0,0.5,0.8,1.0
3502507,Aparecida,43.748459453170625,12.882726731401567,49.17779076467286,94.62126227370426,12.652819873068601,Media,0.286,61.9650360706099,2.0,0.20865395998579378,5.351012193678229,0.07991002722860187,33788.0,746.210526315789,0.0,0.63,0.0,0.4,0.4
3540754,Potim,55.34264130379515,40.656100767084084,49.5498190486911,96.30136688742533,21.239374672155243,Alta,0.6,45.35552962870217,14.8,0.3935761140013571,6.0494106411319715,0.035185604061424014,19894.5,679.466666666667,1.0,0.5,0.5,0.6,0.4
3552403,Sumaré,60.95540359496208,14.557354580952083,88.06939525101116,99.5235183108839,12.740868940671412,Media,0.6159999999999999,42.23538029002661,0.4,0.02545809206383338,6.868117099543827,0.06681309229422336,260428.0,641.9,1.0,0.63,0.25,0.8,0.4
3533403,Nova Odessa,38.47868469517766,14.909560291742372,32.13341618903848,98.30747051432658,10.349659114987638,Baja,0.616,52.45173697270469,0.8,0.12855263506414388,4.855157556440434,0.09976955880665013,56630.5,725.375,1.0,0.88,0.0,0.6,0.6
3509502,Campinas,88.06729963855788,72.41859992256917,99.76746947265842,95.96435940233417,15.717458599295602,Media,0.8099999999999999,51.5205791139881,0.5,0.006155482254546765,8.085311559328755,0.106166297157483,1109580.0,699.814960629921,1.0,1.0,0.25,1.0,0.8
3538006,Pindamonhangaba,44.15096593166689,7.89645682896585,54.240521065754635,96.48087386889347,11.98454564842595,Baja,0.634,61.19585512250097,3.7,0.04794781434145374,5.63402822455453,0.08290042666513028,156211.5,714.207627118644,0.67,0.75,0.75,0.8,0.2
3545803,Santa Bárbara d'Oeste,42.487322643197366,8.784850573733195,47.99406440643293,98.87878325565455,7.868706186879727,Baja,0.65,45.70778731826467,0.6,0.03621792401941897,4.652462048239192,0.044033950175585375,181678.0,658.788235294118,1.0,0.5,0.75,0.4,0.6
3537107,Pedreira,45.91217378377908,23.060213115213987,47.40311921918266,88.63420425010212,7.963319492100589,Baja,0.6759999999999999,58.769275919897325,1.7,0.15282862879414197,3.5408054800992086,0.0826739104759655,42335.0,740.194444444444,1.0,0.63,0.75,0.6,0.4
3536505,Paulínia,39.56354186699852,15.629765436197326,34.10915468163005,98.33986909933783,12.247216301248923,Media,0.546,52.82792577354576,1.0,0.07078984653550131,6.165048291753814,0.08044300742670604,96341.5,727.659090909091,0.33,1.0,0.0,0.6,0.8
3510005,Cândido Mota,49.89860693876961,38.01426889990306,37.43397114750527,98.59655459903136,9.17048532389407,Baja,0.546,31.56424394596564,5.4,0.20224832723779346,3.200579778538082,0.06573070635228288,29666.5,538.180412371134,1.0,0.63,0.5,0.4,0.2
3543204,Ribeirão do Sul,62.751647629197564,85.67970351566741,22.52200019428943,97.35483072607413,28.35572544561059,Alta,0.22,39.45821486888372,20.5,1.348240710292667,2.8609010194015125,0.0,4561.5,603.757575757576,0.0,0.0,0.5,0.2,0.4
3501608,Americana,44.04973477161943,22.79666010382199,38.80222106745083,97.05091151555146,6.381997769268285,Baja,0.706,50.26914847095684,0.2,0.029115071515010787,3.800365278044467,0.0866307342624554,223939.0,698.790697674419,1.0,0.63,0.5,0.4,1.0
3527207,Lorena,42.894683424859025,10.669381437268411,48.13901049111538,96.85663326752753,13.798018246056753,Media,0.5519999999999999,56.73490479607301,2.7,0.08722041674632001,6.558258459185624,0.06511661250238959,83696.0,718.641221374046,0.33,0.63,0.0,1.0,0.8
3524709,Jaguariúna,35.89017123295429,13.261462892634437,27.324752730717417,98.27842491806771,10.520490147528728,Baja,0.74,54.58710784628216,3.1,0.1371818865885894,4.577553107333732,0.07814158096818383,51829.0,725.227272727273,1.0,0.75,0.75,0.8,0.4
3518404,Guaratinguetá,40.51869579184542,11.621158179899412,41.490816740347604,96.36952911873303,10.583394863432941,Baja,0.45,60.369345732692814,4.1,0.06466303951050775,5.009647308314068,0.05214761250847399,115058.0,695.258333333333,0.0,0.75,0.5,0.8,0.2
3507506,Botucatu,35.88676065104729,4.450762225256427,39.9205674896212,90.69114382548118,9.728384167138316,Baja,0.8560000000000001,51.64620298473916,3.1,0.054168516935001444,4.68542991672875,0.08000499113706176,136241.5,674.323404255319,1.0,0.88,1.0,0.6,0.8
3548005,Santo Antônio de Posse,56.85495829665084,59.4157503712064,34.18070253619669,97.081885668448,13.777911237625952,Media,0.4859999999999999,53.40906301874677,6.7,0.30209140201394263,4.5883264227457055,0.05239896113364013,21947.0,725.448979591837,1.0,0.38,0.25,0.4,0.4
3538709,Piracicaba,38.4783502300628,6.2060673642825845,42.18655794682329,95.60650052810225,14.014981580677723,Media,0.96,52.81625390582327,2.1,0.016880443308363816,7.145504344493041,0.07183707453033022,393947.0,698.761467889908,1.0,1.0,1.0,1.0,0.8
3550506,São Pedro do Turvo,43.39991928215237,46.060374123108225,15.593011953940053,93.69282425666526,25.878953245520293,Alta,0.4359999999999999,45.566071116787725,23.9,0.9559486645855012,3.1703087062088104,0.027748872702046477,7207.5,626.052863436123,0.0,0.63,0.75,0.4,0.4
3520004,Igaraçu do Tietê,42.01494462333805,12.432301321290497,45.327056448276096,94.55600757755705,16.5530043002,Media,0.13,41.31944924019836,1.3,0.3120426960488939,6.778858569338039,0.06671257639666006,23234.0,638.709677419355,0.0,0.25,0.0,0.4,0.0
3526803,Lençóis Paulista,38.362630170470126,9.042241882049662,39.389098512452264,94.9504700633468,8.280650796991381,Baja,0.7959999999999999,44.59131435672888,2.5,0.10599298070083558,4.059155964450142,0.044554571533537084,63966.5,652.562992125984,1.0,0.88,0.5,0.8,0.8
3513405,Cruzeiro,40.11348367307605,5.696635911401776,54.188093758529085,80.79795902551848,12.761214237754563,Media,0.286,64.03891663023478,2.4,0.10315789473684212,6.223684210526316,0.0375,76000.0,713.632653061224,0.0,0.38,0.25,0.6,0.2
3526902,Limeira,59.38058493959737,12.499435181787591,86.96040350522809,97.98324732395547,12.072333200615999,Baja,0.7499999999999999,49.03543196788936,3.0,0.024687836222091912,6.088668424046164,0.06163154549024373,283945.5,687.342245989305,0.67,0.88,1.0,0.8,0.4
3504008,Assis,44.927312388365536,17.551799548396872,47.92642290024779,93.68011704453835,8.770027409871059,Baja,0.5599999999999999,40.43414029689982,3.7,0.06725921252791867,3.872238022314592,0.10633264310389563,98276.5,578.77397260274,0.67,0.63,0.5,0.6,0.4
3511706,Charqueada,40.652840799511736,13.746523591680985,45.37865725442303,85.01384230535064,16.097744982913746,Media,0.296,54.12061532750983,7.0,0.4905290659699542,4.392553886348791,0.06858262573481386,15310.0,704.864406779661,0.0,0.63,0.25,0.4,0.2
3500501,Águas de Lindóia,48.563088456577205,12.9600800666277,60.326415498745604,96.24245115213937,13.773217489430463,Media,0.376,56.48355681016229,12.8,0.35288100920559157,3.0486418911239914,0.05966587112171838,17598.0,705.5,0.0,0.38,0.5,0.4,0.6
3550407,São Pedro,47.06231931268846,16.953106831140573,53.809939703456756,93.78550349424762,8.905076764701796,Baja,0.3,55.43572535552868,3.8,0.21768357218455905,3.2795560513744673,0.06865184930919077,34959.0,696.938461538462,0.0,0.25,0.25,0.4,0.6
3515350,Euclides da Cunha Paulista,32.12465061540303,22.549873847595702,8.96347615662607,97.5965530685716,36.03503339459599,Alta,0.346,28.785826309734105,37.7,0.7676052315951797,6.259637900508309,0.03426809069621337,8754.5,493.461538461538,0.33,0.5,0.5,0.2,0.2
3552908,Taciba,32.644783260494584,24.03751896915555,8.901334377767538,97.34620960862674,29.856433666168936,Alta,0.3199999999999999,33.13955268860568,16.7,1.1040587940537832,4.468014030399199,0.1920828461666945,5987.0,523.793650793651,0.0,0.5,0.5,0.4,0.2
3545506,Sandovalina,37.97310155090918,41.2788387574891,4.907607150879108,97.49261593780949,52.61510596665355,Alta,0.2699999999999999,27.31937203358178,30.6,1.8137254901960782,7.625272331154684,0.27233115468409586,3672.0,483.702127659574,0.0,0.25,0.5,0.4,0.2
3544251,Rosana,37.73948620154923,28.73672158539886,16.498359590676376,98.22726865559565,24.57836039557334,Alta,0.62,31.4940093791973,20.7,0.3581912687511783,5.822627992782311,0.16159004605316313,18565.5,489.0,1.0,0.5,1.0,0.2,0.4
3530805,Mogi Mirim,44.61664615425127,16.408239910852597,46.13803493200642,97.99068108553833,11.078255848428846,Baja,0.526,49.61280755350006,5.7,0.07572753723549812,4.362151868336842,0.12788795005109932,89531.5,706.805194805195,1.0,0.38,0.25,0.8,0.2
3512209,Conchal,50.96976591666757,37.658158325032126,41.297555294104356,96.93740234506488,16.596264859079948,Media,0.37,49.02088237302796,4.7,0.2801425089068067,6.540408775548472,0.03375210950684418,26665.0,707.896551724138,0.0,0.5,0.75,0.6,0.0
3535507,Paraguaçu Paulista,48.060672559517414,34.520499021909764,37.89620523954398,95.46995427467957,13.824866282261146,Media,0.466,35.85262860351644,8.3,0.1645123384253819,4.708746013093839,0.1127125350727835,41699.0,561.288888888889,0.33,0.75,0.25,0.6,0.4
3543907,Rio Claro,43.55776348617492,18.20697610986538,44.17715084312879,93.02056352488626,10.78012308439774,Baja,0.7299999999999999,52.41018060021865,1.4,0.0328629172674768,5.6349327135638205,0.07944881097631754,193835.5,697.690322580645,0.67,0.38,1.0,0.8,0.8
3539202,Pirapozinho,42.316754690684064,19.298079872192307,37.83272707834439,97.3221595523469,15.944190323202939,Media,0.61,29.613712138606854,5.1,0.2629790975580512,5.7971304104552175,0.10391271332081053,25021.0,505.860927152318,1.0,0.5,0.75,0.4,0.4
3503307,Araras,40.45580840936501,8.415896834213004,44.06119397538281,97.32486042763342,11.437614756703777,Baja,0.6140000000000001,50.61588724948024,3.0,0.05358236987853863,5.7002350736257,0.050058267823746845,124854.5,702.79702970297,0.67,0.75,0.25,0.6,0.8
3514106,Dois Córregos,38.81601205035959,19.704827211226483,28.768148457686287,97.1341089139724,12.065791388564795,Baja,0.42,46.68319202584748,4.0,0.26912382537395224,4.538166467090175,0.04871019463781941,24635.5,659.044776119403,0.67,0.38,0.25,0.6,0.2
3554300,Teodoro Sampaio,38.59912263371763,33.43039769492926,15.991099693608653,94.1526183915123,19.805933055713705,Alta,0.71,36.695811648705416,15.5,0.3048738492619206,5.5763447278404,0.06428063086847724,21779.5,476.900406504065,1.0,0.75,1.0,0.4,0.4
3525300,Jaú,40.69180535076227,14.334218113952474,38.016942244125204,98.756706037656,9.98412876913365,Baja,0.56,37.69566515658556,1.8,0.047327973024567455,5.356906595296689,0.04082604701799748,132268.5,593.027777777778,1.0,0.5,0.5,0.6,0.2
3530706,Mogi Guaçu,47.07816638484165,20.30447379502138,49.76168704906734,95.25851023603083,7.330521214172008,Baja,0.656,50.54835969116589,2.9,0.043863418390322546,3.8882376599760056,0.047094736046035965,145451.5,698.580769230769,1.0,0.63,0.25,0.6,0.8
3506003,Bauru,63.41136893621082,22.70057177921973,90.1711134789065,91.31347416480158,12.614947125747536,Media,0.77,46.612818136092855,2.4,0.017176451389397898,6.04163007566213,0.13138187455658618,361541.5,622.990566037736,1.0,1.0,0.25,1.0,0.6
3542206,Rancharia,46.00738299849318,27.64163154977206,38.87376892201749,97.00611404888679,15.07283004100188,Media,0.462,34.16593024027752,9.7,0.23766378589350434,4.592974630610538,0.1115137998327293,28696.0,537.187624750499,0.33,0.63,0.75,0.4,0.2
3522000,Itaju,34.35780503104114,37.48440048965491,0.0,96.82022417589586,36.963571913817,Alta,0.13,44.44418433335454,19.1,1.8502331002331003,3.7004662004662006,0.07284382284382285,3432.0,646.028169014084,0.0,0.25,0.0,0.2,0.2
3529005,Marília,61.07675564704674,16.119180185226394,89.06212173312342,95.02117439853404,10.207020632837994,Baja,0.64,43.58156817942921,1.1,0.027818615583706748,5.327573001857509,0.09903779282174079,227186.0,585.816711590296,1.0,0.5,0.5,0.6,0.6
3539301,Pirassununga,39.87831102881856,16.169118771949513,35.86207711851296,95.32916336316786,12.109547086506707,Baja,0.6100000000000001,50.19535909874188,4.1,0.09580438082241377,5.337473716458023,0.08215782657736065,71813.0,684.413043478261,1.0,0.75,0.5,0.6,0.2
3549102,São João da Boa Vista,39.221057826102424,15.290964999191486,35.04071597197916,95.44192718817082,11.481477939933246,Baja,0.6,51.88333709974471,5.0,0.06810983846616644,5.271701497281282,0.04597414096466234,88093.0,681.262195121951,1.0,0.75,0.25,0.4,0.6
3547700,Santo Anastácio,40.92129912600416,19.643276442342515,33.087233385298056,99.14547597473964,15.230761131356141,Media,0.62,29.312533447346148,6.5,0.3423695301524533,4.896196472241011,0.07804776523232218,19219.0,506.35393258427,1.0,0.75,0.75,0.4,0.2
3540002,Pompéia,41.92586733789243,24.541789256997347,30.983202187966285,98.57935379953487,13.507806790528283,Media,0.426,32.890226015815315,5.5,0.24452191235059761,4.937749003984064,0.06723107569721117,20080.0,505.118852459016,0.33,0.5,0.5,0.6,0.2
3555000,Tupã,49.653384611797605,38.44336992106248,36.72209055429542,97.93600210827223,10.69707488519267,Baja,0.55,34.795493431141395,5.1,0.09214781325547079,3.9151047062886564,0.17189413205236884,63702.0,553.643216080402,0.67,0.63,0.25,0.4,0.8
3540705,Porto Ferreira,46.92090232299594,27.063658074168984,41.95947574748748,96.55824397166676,12.144996558372005,Baja,0.746,50.05483034278535,1.5,0.12167344232044516,5.947197954809753,0.046132110832396274,52024.5,676.935064935065,1.0,0.63,0.5,1.0,0.6
3541406,Presidente Prudente,44.978519611538104,21.720896999468987,41.6212682165618,98.20826762562893,11.27255867563455,Baja,0.726,34.48072426341662,2.4,0.03028078970083872,5.530167698336864,0.10270542238470452,216639.0,533.297752808989,1.0,0.88,0.75,0.8,0.2
3513702,Descalvado,44.95721287407743,16.85999797919793,48.79054828169501,93.48497184860128,12.232302898974398,Media,0.402,52.12138793207615,9.3,0.1916831178755652,3.91644908616188,0.06686620391008087,31406.0,670.538461538462,0.33,0.63,0.25,0.6,0.2
3528908,Mariápolis,59.61564822906463,83.95285546258971,15.37682641061581,99.41887739891212,28.125301119520813,Alta,0.346,27.12841874018257,13.9,1.4995288733342307,2.9748283752860414,0.026921523758244716,3714.5,494.396551724138,0.0,0.38,0.75,0.4,0.2
3501707,Américo Brasiliense,51.09004885630785,30.798866308480676,49.25509534317014,95.34232097823761,14.605680881123622,Media,0.316,44.921994445329766,0.8,0.2041572218024505,6.831414729543535,0.03259404121664666,33748.5,631.666666666667,0.0,0.38,0.0,0.8,0.4
3527702,Luiziânia,50.96150885583358,52.08296059256592,26.63908579112036,97.36345151179532,30.61314211356997,Alta,0.39,33.047885836321065,8.9,1.3667660055492754,5.251258863426163,0.12331723358339328,4865.5,510.245283018868,0.67,0.38,0.5,0.2,0.2
3548906,São Carlos,38.08117885718325,10.842671852757988,38.369644383519116,91.98126181336204,12.956923898481863,Media,0.8059999999999998,51.65115201344008,2.1,0.03003311612455354,6.250537429190427,0.12122305251391025,238403.5,660.23595505618,1.0,0.63,1.0,0.8,0.6
3541505,Presidente Venceslau,39.938893333230624,20.094382556502797,30.01982471803618,99.46605211707514,11.65807534413536,Baja,0.7459999999999999,24.629598393791262,5.5,0.20106413535582882,4.506845755084734,0.04103349701139363,36555.5,458.055084745763,1.0,0.63,0.5,0.8,0.8
3503208,Araraquara,46.198711423120514,28.807317833556546,38.04593146106169,97.28705852636605,13.84458337677911,Media,0.8059999999999998,44.08722394667812,1.5,0.03042870766705848,7.058262547406241,0.07873317217059594,225445.0,630.305732484076,1.0,0.88,0.75,0.8,0.6
3527108,Lins,43.41637926231809,16.23095725089774,43.91624789070038,96.78748602839416,13.085758660950509,Media,0.534,36.74161525561345,1.2,0.09315304594045591,6.662289431027761,0.0383008118404224,73105.5,569.761111111111,0.67,0.5,0.5,0.6,0.4
3511904,Clementina,48.555141861299674,39.346833366730266,33.3835504697641,97.31494163350962,22.34732846622063,Alta,0.35,31.459024598297443,3.5,0.8571225172634725,5.289385633943191,0.14949811347618708,7023.5,516.921568627451,0.67,0.63,0.25,0.0,0.2
3514403,Dracena,48.11691923087636,20.923604946153713,50.32697677932884,98.08343270341668,9.422409238682715,Baja,0.5660000000000001,28.564373847519743,7.5,0.13456250281747284,3.3899833205607894,0.052968489383762335,44366.0,492.74,0.33,0.75,0.75,0.6,0.4
3500105,Adamantina,46.88173008310225,31.26011197458927,35.944213233166344,100.0,7.6855410595884415,Baja,0.36,32.28763152676791,3.3,0.15448863968226154,3.191986449389638,0.06716897377489632,34242.0,532.862595419847,0.0,0.5,0.5,0.6,0.2
3553609,Tapiratiba,52.38558264734864,56.284726468895094,30.0539538670536,89.2505525648458,22.360890994375488,Alta,0.37,51.940691699540494,12.7,0.5807844255284487,5.815989899401295,0.04480104264244695,12276.5,654.071428571429,0.67,0.38,0.0,0.4,0.4
3553708,Taquaritinga,48.513265343802935,27.10289703463518,46.14841759480992,96.06369746012446,12.052024823043642,Baja,0.376,40.06474612291249,4.3,0.1357202017920337,5.09468413523078,0.0734131466004066,53124.0,603.823529411765,0.33,0.5,0.25,0.6,0.2
3530508,Mococa,41.89415297552998,19.6845291416263,38.83830339065899,92.42509981307927,11.145285903612534,Baja,0.41,51.04908267618959,5.1,0.10106664875234193,4.983914429242149,0.033589358891103295,66985.5,667.788679245283,1.0,0.25,0.0,0.6,0.2
3505104,Barbosa,42.592243640063884,30.320541253179243,28.053440901831916,96.21325389029708,30.959031861903785,Alta,0.37,37.067216063013625,8.3,1.0970326166925528,7.389847134799313,0.08174609662388621,6116.5,568.0,0.0,0.5,0.75,0.4,0.2
3537305,Penápolis,47.141978907376654,24.652065643518878,44.06119397538281,98.28337529907986,9.236870482913494,Baja,0.75,35.94033065141906,4.0,0.12380500711379579,4.059439715780979,0.05158541963074824,60094.5,567.72850678733,1.0,0.75,1.0,0.6,0.4
3505609,Barrinha,44.29634238691088,17.196788230360603,45.602454009172725,95.88322745548771,22.80220588516586,Alta,0.186,38.39029564201212,0.6,0.25351554763319467,9.688387139367531,0.13864131511190336,30294.0,563.688888888889,0.0,0.13,0.0,0.6,0.2
3551504,Serrana,43.63626244748363,16.117236720678047,47.559226152385634,90.82838649129077,16.753943482660627,Media,0.106,44.85005235959659,0.7,0.177805694130721,8.027830456472634,0.028990058825661035,41393.5,631.95,0.0,0.13,0.0,0.2,0.2
3538105,Pindorama,45.50783445302736,21.498845611055913,45.81021006388424,92.92106091525646,12.057257450944102,Baja,0.246,41.76702174987544,5.1,0.4083702376525472,3.5766201277847265,0.037186031574321356,14790.5,620.508474576271,0.33,0.25,0.25,0.2,0.2
3543402,Ribeirão Preto,40.356538314361316,12.376021725815365,39.70443334561777,97.6217814289403,13.723748981843649,Media,0.73,37.82325351475987,0.4,0.010833837173258528,7.264809057456166,0.08892646801562773,651662.0,587.752380952381,1.0,0.75,0.5,0.8,0.6
3524303,Jaboticabal,36.97341112370211,10.434797648647384,32.808546267869616,98.38036778547654,11.938316243442799,Baja,0.74,34.49484794578012,2.1,0.0940878013423193,5.855745976875309,0.052271000745732946,71741.5,570.803571428571,1.0,0.75,0.75,0.8,0.4
3551702,Sertãozinho,42.0509645237816,9.650793935710796,47.134050970650485,96.68513280618544,14.471502505698757,Media,0.756,36.10396892246546,0.9,0.05975666881891956,7.41556627461903,0.06034748334114052,118480.5,569.380952380952,1.0,0.88,0.5,1.0,0.4
3547908,Santo Antônio da Alegria,50.5071278419517,60.73795362429265,22.43857909661582,86.18257376794156,29.659809772205836,Alta,0.37,48.08892566075536,19.1,1.2462726508142825,4.289318755256518,0.007645844483523205,6539.5,630.322916666667,0.0,0.75,0.5,0.2,0.4
3532801,Nova Aliança,52.626957762871584,61.113968195436264,22.967426708423478,94.97199900663843,26.02223331558401,Alta,0.3059999999999999,41.890555377944224,10.4,1.0902733630006356,4.688493324856961,0.08741258741258741,6292.0,606.608695652174,0.0,0.38,0.75,0.2,0.2
3525706,José Bonifácio,37.963925566417906,17.149597860463807,28.78038149603892,97.95966911908408,9.883792900063435,Baja,0.304,38.83298603763694,7.2,0.1971295175514439,3.4829096777912274,0.024497089169404577,34698.0,592.39483394834,0.67,0.0,0.25,0.4,0.2
3539608,Planalto,46.69815352285251,48.96434967828169,21.08353880211828,93.39499065346256,29.991796525694735,Alta,0.3,43.17274277185168,11.6,1.3669227293267059,4.801174875734297,0.06778129236330774,4426.0,605.923913043478,0.67,0.38,0.25,0.2,0.0
3525102,Jardinópolis,44.32497784514614,21.66507569150695,41.587447463469225,95.11984291577832,16.811297605798007,Media,0.286,41.625417169394666,6.8,0.17530111040111884,6.72751166463716,0.05184283182426485,41471.5,611.0,0.0,0.38,0.25,0.6,0.2
3504602,Bady Bassitt,39.89415457375689,23.811334997030592,27.938357822539743,95.97138722964378,12.853493180661246,Media,0.3959999999999999,40.03951863626321,4.3,0.3005040250340396,4.304517115352459,0.10271600219764469,20931.5,602.054054054054,0.0,0.38,1.0,0.4,0.2
3524501,Jaci,56.39283694174904,57.07517141486714,35.808313428946356,96.1972150211182,21.275473778600666,Alta,0.18,40.70611087961148,9.0,0.8364732479276564,4.378296910324039,0.06782215523737754,6635.0,606.260869565217,0.0,0.5,0.0,0.2,0.2
3517802,Guaraçaí,39.74629624411058,42.066703785502284,11.589261859493785,91.41954993056076,23.12318655657961,Alta,0.3159999999999999,37.81787776690115,20.9,0.6752330561854372,4.226505416981608,0.012597631645250695,7938.0,555.888888888889,1.0,0.38,0.0,0.2,0.0
3532702,Nipoã,45.282701633636975,35.39223341478179,30.572573014020204,94.48389531058086,30.210366581352872,Alta,0.22,41.23802433860612,8.9,1.5469858156028369,4.598847517730496,0.03324468085106383,4512.0,603.048780487805,0.0,0.5,0.0,0.4,0.2
3502804,Araçatuba,42.85827831557246,10.291843761162754,47.32731241689374,99.05307922174929,10.853387867199457,Baja,0.69,29.11565013855632,1.7,0.03300995800399787,5.729323584043091,0.06130420772171033,190851.5,511.939393939394,1.0,0.5,0.75,0.8,0.4
3531001,Monções,61.503182716611256,80.43427040510987,25.271812458270183,96.10374785629615,38.85645170687816,Alta,0.24,40.92369011574392,9.5,2.202015237159007,4.86606045711477,0.0,2034.5,605.428571428571,0.0,0.75,0.25,0.2,0.0
3551900,Severínia,47.967712970781264,23.203236973530775,49.158464620048505,95.11516166674775,16.512107436368698,Media,0.2699999999999999,37.68994595155494,4.7,0.4382085979319746,5.5091930711174655,0.04322239585065,15038.5,592.46511627907,0.0,0.25,0.5,0.4,0.2
3505906,Batatais,45.44532226037032,26.143165335536818,41.16710381789016,92.60607299499766,11.915258836140978,Baja,0.416,43.46326632822636,2.9,0.11681958251362314,5.612911088284963,0.04352443461759432,57439.0,623.5,0.0,0.63,0.25,0.6,0.6
3530300,Mirassol,40.07742251896409,11.157856527079046,41.08496770323678,95.9014641341888,10.37526389947947,Baja,0.5,40.23318283977364,2.6,0.11064723509976179,4.783614647098498,0.0751308386479864,58564.5,606.534246575342,1.0,0.5,0.0,0.8,0.2
3549805,São José do Rio Preto,48.97010221384217,27.620390741504263,46.8792645373984,95.8512005114055,8.397670843777547,Baja,0.78,34.244762269725285,0.8,0.015101541550057333,4.867715222286365,0.061553973382126384,444325.5,554.140740740741,1.0,0.75,0.75,1.0,0.4
3511003,Castilho,40.035078812488265,42.48588920398369,8.789181059761473,97.62525353495097,23.504491634744607,Alta,0.412,37.004786772665376,23.5,0.2901527119536598,5.652975250131648,0.08952080042127435,18990.0,538.589820359281,0.33,0.38,0.75,0.4,0.2
3504800,Bálsamo,55.08504120480141,49.3415048965511,40.57508644080778,95.59202334928929,18.55405703941688,Alta,0.2299999999999999,40.787905312602,7.3,0.7772020725388601,3.7958999774724034,0.06758278891642261,8878.0,614.155555555556,0.0,0.25,0.5,0.2,0.2
3531407,Monte Aprazível,44.58883292594575,19.681540593280182,42.98155124178189,97.6179809596046,13.148229007744902,Media,0.22,41.027281801450336,6.8,0.3075455412710671,4.32017444237496,0.040884931631308775,22013.0,613.038461538462,0.0,0.5,0.0,0.4,0.2
3533908,Olímpia,43.52289846512973,25.438587679020557,36.31624151718461,94.10483393323827,11.013985089291447,Baja,0.6499999999999999,41.85092892211864,3.1,0.12255228453443455,5.13235266132562,0.041865687263316145,52549.0,598.634920634921,0.67,0.88,0.5,0.8,0.4
3534005,Onda Verde,61.220392603344195,84.93722117212505,25.085952514223486,86.05561564402387,38.564420807136415,Alta,0.08,40.00962961276659,8.6,1.5320623916811091,7.244367417677642,0.24263431542461003,4327.5,595.693333333333,0.0,0.0,0.0,0.2,0.2
3532603,Nhandeara,42.614600905035594,33.120274734928486,25.338785773284776,96.15488350875142,19.93011934693729,Alta,0.246,40.980327256618,16.8,0.5822034310152112,4.07736793507314,0.01457938474996355,10288.5,599.941605839416,0.33,0.25,0.25,0.2,0.2
3516200,Franca,39.61744822800877,5.999938178578958,47.91192829177957,90.2635081993268,13.251654375105055,Media,0.756,43.15451588707914,1.5,0.02088870877385365,6.826525382314028,0.08060478920581188,335588.0,604.225130890052,1.0,0.63,0.75,0.8,0.6
3502606,Aparecida d'Oeste,66.39504968489663,100.0,16.622694547714246,98.72985932905472,29.138836627381167,Alta,0.166,33.943985755097124,20.9,1.2980318650421743,3.2099343955014055,0.035145267104029994,4268.0,539.490566037736,0.0,0.38,0.25,0.0,0.2
3557105,Votuporanga,46.050507665078555,25.59389125559976,42.18655794682329,94.69163992054665,7.97960735700695,Baja,0.64,40.35041649679119,2.9,0.06684093842030377,4.045200357367394,0.04853137443058359,90663.0,593.075757575758,0.67,0.88,0.25,0.8,0.6
3533007,Nova Granada,48.50778196780557,35.77498753429325,39.16432928255286,92.6602762053356,16.849731902018714,Media,0.166,40.2751743795234,8.0,0.3217699940412964,5.598590637063136,0.05958703593357341,19299.5,594.840490797546,0.0,0.38,0.25,0.2,0.0
3505500,Barretos,41.30853989868818,11.754277540464393,43.785796414486185,95.46255158353972,17.31812527964228,Media,0.626,40.97456361423167,3.0,0.05737767812230909,8.402888492919441,0.051153947805921925,117293.0,596.853955375254,1.0,0.63,0.5,0.8,0.2
3520442,Ilha Solteira,40.21585355116676,25.327503147562314,26.086645891061195,98.25096967858677,17.643520584377935,Alta,0.6239999999999999,25.68528126209389,11.3,0.22286764270049195,5.37213759310849,0.14028016517495506,25306.5,480.833333333333,0.67,0.75,0.5,0.8,0.4
3512902,Cosmorama,37.944279769448755,33.69289923518651,13.675149096579839,94.9853021837111,26.327371660860614,Alta,0.216,40.8681447428153,22.0,0.7845352413230403,4.236490303144417,0.10669679281993347,7966.5,603.352941176471,0.0,0.38,0.5,0.0,0.2
3536257,Parisi,62.7249985990322,89.65639381154824,18.16390318218336,97.98439900769775,40.07223370674496,Alta,0.116,37.08614064242948,13.6,2.2420796100731115,3.858651502843217,0.08123476848090982,2462.0,574.25,0.0,0.38,0.0,0.0,0.2
3524808,Jales,51.01553716413207,37.152180375622635,41.39418601722597,97.98495303496311,7.611652355880075,Baja,0.62,37.931435407787774,5.6,0.12527665260784232,3.0275191046895227,0.044890800517810164,47894.0,577.736842105263,0.67,0.88,0.75,0.6,0.2
3546603,Santa Fé do Sul,36.476481383085684,18.06331238513428,30.25266364130265,85.75045486255455,8.182779629537379,Baja,0.69,35.126510486020045,3.1,0.18021957428201085,3.1046491652741555,0.09838676932206832,32016.5,563.044776119403,1.0,0.5,0.75,0.8,0.4
3517406,Guaíra,51.8245484529419,48.25548986480144,33.03280150456093,96.54615952598478,15.279833686240847,Media,0.626,37.93256172746958,3.2,0.1940456163686867,6.6924872527157255,0.039122100074331985,38341.5,584.312020460358,1.0,0.63,0.5,0.8,0.2
3515509,Fernandópolis,46.14573544214386,25.951433753076923,40.51967797297527,97.78645375861488,7.926868995764198,Baja,0.68,37.988533327756784,3.2,0.09184439440102442,3.6399228742585477,0.0750651300392988,67941.0,574.779069767442,0.67,0.88,0.25,0.8,0.8
3555802,Urânia,55.2295430613631,57.681551887495885,31.54402017731739,97.69657117718894,14.630627464421446,Media,0.09,37.57067017031501,12.5,0.5965249872658328,1.9808704510724997,0.07357518818269285,8834.5,579.142857142857,0.0,0.0,0.25,0.2,0.0
3537008,Pedregulho,31.405390748973772,10.090621784411965,23.4725278340172,89.90065450801053,26.962972563529206,Alta,0.37,49.28995696208898,20.4,0.46885508406725385,7.045636509207366,0.0544435548438751,15612.5,609.127192982456,0.67,0.38,0.0,0.4,0.4
3520103,Igarapava,39.985990959603,16.254962892151646,38.61800590167003,90.18401721037166,17.116015915850532,Media,0.3319999999999999,44.18027109821908,2.8,0.2688132338822834,7.259434310612215,0.027693671073037444,27082.0,608.524475524476,0.33,0.63,0.5,0.2,0.0
3510708,Cardoso,45.46196090347218,51.123905104865976,14.378959996422601,96.30407431478373,18.914941033075575,Alta,0.22,39.15069091902473,7.9,0.5140388768898488,5.412526997840173,0.06479481641468683,11575.0,585.0,0.0,0.5,0.0,0.4,0.2
