cod_ibge,fire_incidence_mean,fire_incidence_max,fire_frp_mean,fire_frp_max,fire_total_foci,fire_frp_total,fire_years_with_fire,fire_recurrence,fire_cv,fire_dry_season_pct,fire_max_consecutive_years,fire_recurrence_norm,fire_risk_index
350010,3.75,16.0,62.74270833333334,650.3,30.0,2809.4,8.0,0.8,1.3503673809345602,0.7666666666666667,6.0,0.8,37.30520047334106
350020,1.6,3.0,39.22666666666667,134.5,8.0,419.2,5.0,0.5,0.5590169943749473,0.875,3.0,0.5,22.742383494814263
350030,18.0,39.0,38.221425309440015,484.7,180.0,7060.599999999999,10.0,1.0,0.5647389141472927,0.6611111111111111,10.0,1.0,50.26428477413209
350040,2.5,5.0,22.355,102.4,15.0,447.4,6.0,0.6,0.7899367063252599,0.9333333333333333,2.0,0.6,23.641088850500626
350050,2.8,5.0,16.795333333333335,53.7,14.0,273.5,5.0,0.5,0.5297284633639759,0.9285714285714286,2.0,0.5,19.951306478374637
350055,10.0,29.0,54.110146423668745,368.5,100.0,5702.5,10.0,1.0,0.8069145624606803,0.82,10.0,1.0,46.70935955321009
350060,0.0,0.0,0.0,0.0,0.0,0.0,0.0,0.0,,0.0,0.0,,0.0
350070,9.1,19.0,30.739502658160553,292.5,91.0,3184.2,10.0,1.0,0.5637932647126719,0.7032967032967034,10.0,1.0,42.137770096861864
350075,2.142857142857143,5.0,24.145714285714284,115.2,15.0,340.3,7.0,0.7,0.6831300510639733,0.7333333333333333,5.0,0.7,26.661701404488873
350080,1.0,1.0,16.1,16.1,1.0,16.1,1.0,0.1,,1.0,1.0,0.1,6.443358057311707
350090,10.875,28.0,87.64428100086188,887.9,87.0,9481.4,8.0,0.8,0.8097885570474103,0.7011494252873564,6.0,0.8,46.9468924973518
350100,13.7,27.0,44.01192314386394,475.0,137.0,6102.2,10.0,1.0,0.5419294988916848,0.7664233576642335,10.0,1.0,47.89756545803389
350110,3.0,9.0,27.50173611111111,146.8,24.0,1035.6000000000001,8.0,0.8,0.8908708063747479,0.75,4.0,0.8,30.88135557364673
350115,4.222222222222222,8.0,19.821560846560846,94.9,38.0,819.6999999999999,9.0,0.9,0.6241337487174433,0.9736842105263158,9.0,0.9,33.55347367498565
350120,6.777777777777778,22.0,47.54634920634921,827.5,61.0,4070.3,9.0,0.9,0.932482879960256,0.8852459016393442,6.0,0.9,40.12795106777887
350130,1.1666666666666667,2.0,34.166666666666664,108.9,7.0,216.7,6.0,0.6,0.34992710611188255,1.0,4.0,0.6,24.568078773145384
350140,2.6666666666666665,4.0,27.505555555555556,44.3,8.0,214.0,3.0,0.3,0.5728219618694801,0.75,1.0,0.3,15.62409077459202
350150,0.0,0.0,0.0,0.0,0.0,0.0,0.0,0.0,,0.0,0.0,,0.0
350160,4.888888888888889,11.0,17.669022366522366,46.8,44.0,781.9,9.0,0.9,0.6423219436846626,0.7954545454545454,5.0,0.9,33.712341129803846
350170,3.375,8.0,57.26770833333333,245.0,27.0,1609.5,8.0,0.8,0.7417981870189158,0.8148148148148148,4.0,0.8,36.10721361256098
350180,8.6,16.0,97.58291666666666,631.8,43.0,5410.1,5.0,0.5,0.6505395688697378,0.9534883720930233,2.0,0.5,37.83473866111556
350190,14.6,47.0,30.873923052311632,279.7,146.0,5222.7,10.0,1.0,0.9682088241606263,0.958904109589041,10.0,1.0,46.41537851550702
350200,8.555555555555555,20.0,21.834836601307188,119.9,77.0,2106.9,9.0,0.9,0.8267179937892057,0.6103896103896104,5.0,0.9,37.23998596021638
350210,17.9,46.0,113.32309676417552,1472.5,179.0,19782.899999999998,10.0,1.0,0.7366632582712536,0.8379888268156425,10.0,1.0,62.64009568185185
350220,6.222222222222222,10.0,30.269947089947095,429.6,56.0,1953.3000000000002,9.0,0.9,0.5255736661700513,0.6785714285714286,5.0,0.9,36.83338898613936
350230,4.571428571428571,12.0,36.769557823129254,502.5,32.0,2112.0,7.0,0.7,0.9006652633840537,0.9375,6.0,0.7,30.63392917477537
350240,4.333333333333333,6.0,65.38333333333334,582.7,13.0,1099.5,3.0,0.3,0.3525058226889108,0.8461538461538461,1.0,0.3,23.194384351544567
350250,2.0,4.0,23.378124999999997,81.6,16.0,366.9,8.0,0.8,0.4629100498862757,0.875,6.0,0.8,29.4238938066264
350260,2.142857142857143,7.0,14.124489795918368,20.2,15.0,189.6,7.0,0.7,1.0234292390817292,0.6666666666666666,4.0,0.7,25.000005819693182
350270,7.555555555555555,14.0,19.09645061728395,190.5,68.0,1352.6,9.0,0.9,0.3976710965585282,0.9117647058823529,8.0,0.9,36.01221892560862
350275,7.7,19.0,18.6702850877193,149.3,77.0,1844.2,10.0,1.0,0.7983463353226498,0.8961038961038961,10.0,1.0,39.05330902861462
350280,22.0,53.0,91.00509539525513,2037.7,220.0,24075.6,10.0,1.0,0.7212503172976912,0.8818181818181818,10.0,1.0,62.11152483498812
350290,2.5555555555555554,4.0,18.104629629629628,59.4,23.0,424.19999999999993,9.0,0.9,0.4423258684646915,0.8695652173913043,5.0,0.9,31.979285577340338
350300,10.2,37.0,60.55106347256346,464.4,102.0,6896.0,10.0,1.0,1.018643754023962,0.9117647058823529,10.0,1.0,47.93211596085592
350310,3.75,8.0,56.62,547.0,30.0,1772.3999999999999,8.0,0.8,0.6647591758710533,0.7666666666666667,6.0,0.8,36.289947555411565
350315,2.6666666666666665,5.0,33.82333333333333,80.1,16.0,534.1,6.0,0.6,0.6982120021884471,1.0,3.0,0.6,25.671689643347374
350320,33.7,84.0,71.35968823415148,2147.9,337.0,30327.7,10.0,1.0,0.7693609174303707,0.8486646884272997,10.0,1.0,67.90619456577234
350330,23.7,36.0,35.506274256454866,549.6,237.0,8252.0,10.0,1.0,0.3742636911395486,0.759493670886076,10.0,1.0,54.22412291826267
350335,2.25,4.0,58.075,319.0,9.0,793.8000000000001,4.0,0.4,0.5592469952052407,0.8888888888888888,2.0,0.4,23.37067060504597
350340,5.3,18.0,32.894999999999996,457.3,53.0,3215.7,10.0,1.0,0.941507543386766,0.7924528301886793,10.0,1.0,39.55515084922016
350350,8.7,16.0,19.219996212121213,61.5,87.0,1672.5,10.0,1.0,0.531035035632449,0.8850574712643678,10.0,1.0,39.91815520914019
350360,2.5714285714285716,7.0,29.130612244897957,209.0,18.0,540.6,7.0,0.7,0.8357988219553153,0.8333333333333334,4.0,0.7,27.819868625560893
350370,4.75,8.0,59.93400297619048,200.8,38.0,2219.7,8.0,0.8,0.5927940855466775,1.0,7.0,0.8,37.61316202914132
350380,4.1,7.0,17.051214285714288,61.5,41.0,805.1,10.0,1.0,0.46632944389268255,0.7317073170731707,10.0,1.0,35.99953875658733
350390,3.3333333333333335,6.0,11.364814814814814,38.9,30.0,357.9,9.0,0.9,0.44999999999999996,0.9666666666666667,9.0,0.9,31.463467835845403
350395,1.8333333333333333,4.0,23.3125,47.9,11.0,230.1,6.0,0.6,0.7249964377227959,0.36363636363636365,3.0,0.6,23.28406296025741
350400,3.4444444444444446,6.0,32.637962962962966,194.7,31.0,1300.4,9.0,0.9,0.6509818087293731,0.7741935483870968,6.0,0.9,35.076896654738135
350410,19.7,33.0,16.866925515348285,81.3,197.0,3330.0,10.0,1.0,0.4839669618904784,0.934010152284264,10.0,1.0,48.03861292663324
350420,5.0,17.0,49.386049019607846,235.6,50.0,2388.7,10.0,1.0,0.9237604307034012,0.66,10.0,1.0,42.05754901596207
350430,5.25,14.0,29.97529761904762,168.9,42.0,1453.3,8.0,0.8,0.8318256526602871,0.7142857142857143,6.0,0.8,33.03232803256
350440,8.666666666666666,19.0,93.3435164299638,826.2,78.0,6976.299999999999,9.0,0.9,0.6213651700539813,0.8205128205128205,5.0,0.9,49.183351033741886
350450,8.7,20.0,26.071118742368743,340.7,87.0,2446.0,10.0,1.0,0.581189556788851,0.8735632183908046,10.0,1.0,41.05419203487928
350460,2.6,4.0,53.245000000000005,171.6,13.0,792.9,5.0,0.5,0.5160156871153361,1.0,2.0,0.5,25.84056454181764
350470,1.8,3.0,31.476666666666667,86.4,9.0,325.4,5.0,0.5,0.4648111258522642,0.5555555555555556,2.0,0.5,21.612035825372345
350480,2.375,8.0,30.1328125,231.0,19.0,826.0,8.0,0.8,1.0049344028032252,0.7368421052631579,4.0,0.8,30.834075401775856
350490,5.857142857142857,11.0,25.67378787878788,124.5,41.0,1042.5,7.0,0.7,0.5613289802539795,0.926829268292683,3.0,0.7,29.788804952073367
350500,0.0,0.0,0.0,0.0,0.0,0.0,0.0,0.0,,0.0,0.0,,0.0
350510,2.5555555555555554,5.0,29.011296296296297,110.1,23.0,714.7,9.0,0.9,0.5217391304347826,0.8695652173913043,5.0,0.9,33.78780307570519
350520,6.333333333333333,16.0,29.746826599326596,145.4,57.0,1846.3999999999999,9.0,0.9,0.812812905867395,0.6842105263157895,5.0,0.9,36.83261243532478
350530,3.2222222222222223,8.0,28.99611111111111,79.9,29.0,877.1,9.0,0.9,0.8029745532548288,1.0,6.0,0.9,34.30108136493016
350535,3.111111111111111,8.0,12.074351851851851,33.2,28.0,348.6,9.0,0.9,0.7266782124777073,0.8928571428571429,5.0,0.9,31.409189491124174
350540,16.0,29.0,15.98396084078006,132.0,160.0,2763.1,10.0,1.0,0.5825888105878985,0.75,10.0,1.0,45.02953258094908
350550,37.6,89.0,77.03831926950342,1692.5,376.0,37009.4,10.0,1.0,0.5989392145176232,0.7686170212765957,10.0,1.0,71.86521976727052
350560,4.5,9.0,34.426388888888894,630.9,45.0,2290.1000000000004,10.0,1.0,0.6393583889493358,0.6222222222222222,10.0,1.0,39.19012659603245
350570,2.3333333333333335,4.0,13.15,31.9,7.0,112.1,3.0,0.3,0.6546536707079771,0.7142857142857143,2.0,0.3,12.985788602088395
350580,3.142857142857143,10.0,29.807142857142857,239.2,22.0,1268.6,7.0,0.7,0.9965505243882029,0.8636363636363636,4.0,0.7,28.374160401302156
350590,15.5,41.0,60.66095868566314,893.4,155.0,14252.300000000001,10.0,1.0,0.914547577417846,0.9290322580645162,10.0,1.0,52.05091879422938
350600,10.1,35.0,30.034454545454548,272.5,101.0,2783.1000000000004,10.0,1.0,1.01771176523122,0.7623762376237624,10.0,1.0,42.7945550882177
350610,17.6,31.0,71.36434015415782,1765.6,176.0,15215.3,10.0,1.0,0.3974566178658992,0.7897727272727273,10.0,1.0,55.450486245549534
350620,9.714285714285714,32.0,70.68001275510204,536.5,68.0,7197.8,7.0,0.7,1.2176020641492566,0.9852941176470589,3.0,0.7,40.235879795948506
350630,1.8,3.0,14.540000000000001,36.9,9.0,135.1,5.0,0.5,0.6085806194501845,0.8888888888888888,2.0,0.5,18.8036380841768
350635,0.0,0.0,0.0,0.0,0.0,0.0,0.0,0.0,,0.0,0.0,,0.0
350640,3.625,6.0,58.506458333333335,331.2,29.0,2065.7,8.0,0.8,0.5303751264510255,0.8275862068965517,3.0,0.8,36.5060437858297
350650,12.0,36.0,52.6687950937951,1611.5,120.0,8622.7,10.0,1.0,0.8021960598996474,0.7833333333333333,10.0,1.0,48.01774688891698
350660,5.6,13.0,18.444175824175822,122.2,56.0,1165.8,10.0,1.0,0.5783313238805295,0.8928571428571429,10.0,1.0,37.39105790838732
350670,11.1,27.0,28.743144011544008,286.2,111.0,4411.5,10.0,1.0,0.9152510755952299,0.4864864864864865,10.0,1.0,43.35412744075487
350680,11.5,21.0,54.93993107769423,564.6,115.0,6809.200000000001,10.0,1.0,0.5317082993578012,0.8434782608695652,10.0,1.0,48.007494054932714
350690,4.666666666666667,10.0,27.603800705467375,160.3,42.0,1225.3000000000002,9.0,0.9,0.6943650748294136,0.9523809523809523,9.0,0.9,35.187770332864275
350700,3.9,9.0,19.643555555555555,77.2,39.0,762.4,10.0,1.0,0.6885515918332593,0.8461538461538461,10.0,1.0,36.274655735556784
350710,4.111111111111111,11.0,18.56801346801347,92.3,37.0,683.6,9.0,0.9,0.7137898727699599,0.972972972972973,5.0,0.9,33.25964738990419
350715,1.5,2.0,15.975,27.4,3.0,55.9,2.0,0.2,0.47140452079103173,0.6666666666666666,1.0,0.2,9.809478050289137
350720,1.0,1.0,9.5,9.5,1.0,9.5,1.0,0.1,,0.0,1.0,0.1,5.348961771626374
350730,2.4285714285714284,6.0,26.607142857142858,73.5,17.0,464.5,7.0,0.7,0.7463869141440894,1.0,3.0,0.7,27.29090516985262
350740,7.9,31.0,33.47506182795699,510.5,79.0,3231.2999999999997,10.0,1.0,1.104244480383007,0.5569620253164557,10.0,1.0,41.66294073629059
350745,3.142857142857143,7.0,53.34857142857142,274.8,22.0,1801.9,7.0,0.7,0.7886068896771579,0.7272727272727273,3.0,0.7,32.277744035892766
350750,17.4,42.0,42.48952801710935,540.9,174.0,8391.8,10.0,1.0,0.6664904862548517,0.7126436781609196,10.0,1.0,50.507794768520384
350760,11.2,30.0,22.13598717948718,140.1,112.0,2686.4,10.0,1.0,0.7961518132558432,0.9285714285714286,10.0,1.0,42.335913865289555
350770,2.8333333333333335,8.0,52.23541666666667,213.6,17.0,673.5,6.0,0.6,1.056860926187092,0.8823529411764706,3.0,0.6,28.853686528425566
350775,4.0,7.0,66.14513605442177,256.5,28.0,1765.9,7.0,0.7,0.5204164998665332,0.8928571428571429,4.0,0.7,35.06280653469754
350780,4.333333333333333,13.0,35.02307692307692,242.2,39.0,2312.3,9.0,0.9,0.9302605094190635,0.8974358974358975,9.0,0.9,36.16011892005382
350790,10.1,20.0,34.95898367808662,602.9,101.0,3876.8999999999996,10.0,1.0,0.5531376765311028,0.7128712871287128,10.0,1.0,43.61112878389978
350800,7.4,18.0,16.6731746031746,83.2,74.0,1393.6,10.0,1.0,0.6837357103066765,0.5945945945945946,10.0,1.0,38.49004460588644
350810,5.714285714285714,18.0,52.79730158730159,1052.3,40.0,3422.5,7.0,0.7,0.9884752568139141,0.825,6.0,0.7,34.17583364520335
350820,4.285714285714286,9.0,79.9845351473923,532.1,30.0,2946.6000000000004,7.0,0.7,0.6831300510639733,0.8666666666666667,3.0,0.7,37.57867828148746
350830,5.444444444444445,11.0,30.286397306397305,215.1,49.0,1806.2,9.0,0.9,0.6755533619606299,0.6938775510204082,6.0,0.9,36.23435441797391
350840,5.9,17.0,20.30822850678733,133.4,59.0,1572.7,10.0,1.0,0.9229985537568085,0.847457627118644,10.0,1.0,37.932259003203804
350850,7.6,18.0,20.591709595959593,280.7,76.0,1892.3999999999999,10.0,1.0,0.6422107093937939,0.881578947368421,10.0,1.0,39.29454562667077
350860,8.3,18.0,27.904706115779646,219.1,83.0,2754.7000000000003,10.0,1.0,0.6452004404283198,0.927710843373494,10.0,1.0,41.04875537115974
350870,3.0,8.0,22.735185185185188,102.6,27.0,550.6999999999999,9.0,0.9,0.7817359599705714,0.9629629629629629,7.0,0.9,33.09097744806138
350880,11.6,25.0,56.56205508935509,2540.2,116.0,8910.6,10.0,1.0,0.6504670720423408,0.5775862068965517,10.0,1.0,48.353840235410736
350890,1.5,2.0,105.275,201.9,3.0,396.7,2.0,0.2,0.47140452079103173,1.0,1.0,0.2,24.616991430849787
350900,3.3333333333333335,6.0,17.312037037037037,57.0,30.0,568.6,9.0,0.9,0.5809475019311126,0.9333333333333333,6.0,0.9,32.449622064655294
350910,2.2857142857142856,7.0,22.369387755102043,149.7,16.0,524.8,7.0,0.7,0.9689179961861237,0.5625,3.0,0.7,26.477682938641667
350920,14.5,26.0,17.023244505494507,237.0,145.0,2769.2,10.0,1.0,0.46915704901054134,0.9517241379310345,10.0,1.0,44.04132253766906
350925,5.333333333333333,14.0,11.384338624338625,44.6,48.0,613.0,9.0,0.9,0.7441175562369162,0.6458333333333334,5.0,0.9,33.01409400888663
350930,4.777777777777778,7.0,39.629259259259264,239.3,43.0,1750.4,9.0,0.9,0.42865833932945957,0.7906976744186046,5.0,0.9,37.267769281569976
350940,10.2,27.0,64.42658994708994,1036.1,102.0,8388.8,10.0,1.0,0.757719045552389,0.9215686274509803,10.0,1.0,48.574746533400905
350945,1.75,3.0,13.162500000000001,21.6,7.0,91.5,4.0,0.4,0.5471012044321932,0.8571428571428571,2.0,0.4,15.536539594408962
350950,27.1,72.0,21.735216653272875,124.3,271.0,6582.8,10.0,1.0,0.6706556765850512,0.9114391143911439,10.0,1.0,54.57119986322911
350960,8.2,20.0,15.553209235209234,75.1,82.0,1354.7,10.0,1.0,0.7961670355996809,0.926829268292683,10.0,1.0,38.92329012773208
350970,3.2857142857142856,6.0,30.08809523809524,243.2,23.0,823.9,7.0,0.7,0.6014056209056936,1.0,4.0,0.7,28.531275026278447
350980,3.3333333333333335,6.0,28.276666666666667,233.5,20.0,795.3000000000001,6.0,0.6,0.7745966692414833,0.95,3.0,0.6,25.267750843531356
350990,1.25,2.0,9.5625,18.3,5.0,47.5,4.0,0.4,0.4,0.6,3.0,0.4,14.552748970495493
350995,1.6,4.0,21.125000000000004,67.9,8.0,141.7,5.0,0.5,0.8385254915624211,0.875,4.0,0.5,19.74080822743335
351000,4.25,17.0,32.74276960784314,679.9,34.0,2543.0,8.0,0.8,1.2686571070094532,0.7647058823529411,3.0,0.8,32.71752925779524
351010,2.25,5.0,60.300000000000004,158.6,9.0,432.3,4.0,0.4,0.841319754933374,0.6666666666666666,2.0,0.4,23.739614807417162
351015,1.25,2.0,18.35,87.2,5.0,126.80000000000001,4.0,0.4,0.4,1.0,2.0,0.4,16.009871297837897
351020,5.333333333333333,10.0,20.12953703703704,191.4,48.0,891.8000000000001,9.0,0.9,0.6002928972593295,0.6458333333333334,5.0,0.9,34.464201987740935
351030,4.0,8.0,13.594246031746032,141.4,36.0,607.8,9.0,0.9,0.5994789404140899,0.8055555555555556,7.0,0.9,32.34894307253471
351040,6.4,20.0,35.17720833333333,243.7,64.0,2478.8,10.0,1.0,0.9860132971832694,0.921875,10.0,1.0,40.784645031001354
351050,2.142857142857143,4.0,11.576190476190476,20.4,15.0,155.2,7.0,0.7,0.6831300510639733,0.13333333333333333,5.0,0.7,24.577452893886417
351060,0.0,0.0,0.0,0.0,0.0,0.0,0.0,0.0,,0.0,0.0,,0.0
351070,10.3,42.0,75.69864285714286,2322.8,103.0,18290.2,10.0,1.0,1.1136166386075788,0.8058252427184466,10.0,1.0,50.521220947746784
351080,29.6,63.0,40.71619433799584,524.4,296.0,12362.9,10.0,1.0,0.5013980940304281,0.8108108108108109,10.0,1.0,59.65281636681177
351090,3.4444444444444446,9.0,15.381216931216933,61.2,31.0,563.4,9.0,0.9,0.8096709934200732,0.7096774193548387,5.0,0.9,32.21542411532026
351100,22.3,50.0,69.99361355762876,874.2,223.0,18356.7,10.0,1.0,0.7371648116175151,0.8430493273542601,10.0,1.0,58.859559261317486
351110,6.6,20.0,34.05054761904762,614.9,66.0,3272.8,10.0,1.0,0.759929005002183,0.9090909090909091,10.0,1.0,40.752563712032085
351120,10.0,28.0,65.17689514189516,1102.5,90.0,6458.0,9.0,0.9,0.894427190999916,0.9111111111111111,5.0,0.9,45.544421476216144
351130,5.2,13.0,40.71067521367521,203.8,52.0,2299.0,10.0,1.0,0.7892689216216093,0.75,10.0,1.0,40.773758065295425
351140,4.4,12.0,29.261944444444445,165.4,44.0,1328.7,10.0,1.0,0.8312646499603152,0.8409090909090909,10.0,1.0,38.25640127550205
351150,1.6,2.0,18.46,33.3,8.0,146.2,5.0,0.5,0.3423265984407288,0.75,3.0,0.5,19.29890427268314
351160,3.142857142857143,8.0,25.9125,110.2,22.0,526.1,7.0,0.7,0.7886068896771579,0.9090909090909091,3.0,0.7,27.728359995706995
351170,3.8,9.0,22.94605158730159,130.0,38.0,836.4000000000001,10.0,1.0,0.8303269871017006,0.9473684210526315,10.0,1.0,36.74489832536907
351190,3.5,6.0,57.201388888888886,251.7,21.0,1341.6,6.0,0.6,0.469476477861571,0.9047619047619048,4.0,0.6,30.192928479026392
351200,11.222222222222221,34.0,56.48154671810245,892.3,101.0,9394.8,9.0,0.9,0.9095852671950037,0.8316831683168316,5.0,0.9,45.04820598137289
351210,15.0,43.0,77.4235933189381,1530.9,150.0,16010.3,10.0,1.0,0.7665861471404596,0.7666666666666667,10.0,1.0,54.443611762652836
351220,6.5,16.0,26.26520238095238,106.9,65.0,1163.8,10.0,1.0,0.7649453277013486,0.6615384615384615,10.0,1.0,39.38424686214999
351230,1.625,3.0,26.84375,98.2,13.0,367.6,8.0,0.8,0.5637694654233257,0.7692307692307693,4.0,0.8,29.708420096104724
351240,6.2,15.0,30.92816666666667,196.4,62.0,1826.1,10.0,1.0,0.6260613603445006,0.9354838709677419,10.0,1.0,39.92534018047606
351250,8.75,20.0,90.21663194444444,529.2,70.0,7177.0,8.0,0.8,0.7599294120971122,0.8857142857142857,5.0,0.8,45.72933302588948
351260,3.4444444444444446,5.0,27.894444444444446,189.3,31.0,874.1,9.0,0.9,0.3281772572479968,0.6774193548387096,7.0,0.9,34.29033770810991
351270,4.142857142857143,9.0,32.477777777777774,283.9,29.0,1416.1999999999998,7.0,0.7,0.8177092603141337,0.7931034482758621,3.0,0.7,29.59069311589122
351280,7.9,17.0,32.30252941176471,258.1,79.0,2883.4,10.0,1.0,0.6214145675257506,0.8607594936708861,10.0,1.0,41.46851420278658
351290,8.0,24.0,52.01899553571429,206.4,64.0,2565.7000000000003,8.0,0.8,1.0177004891982149,0.875,6.0,0.8,38.81522111047801
351300,4.5,8.0,16.79266666666667,93.0,45.0,787.3,10.0,1.0,0.4829038818668629,0.9777777777777777,10.0,1.0,36.266144762273825
351310,5.6,14.0,35.9577380952381,211.2,56.0,2390.7999999999997,10.0,1.0,0.7152770897999905,0.8392857142857143,10.0,1.0,40.29511510514025
351320,5.0,20.0,20.448571428571427,127.0,35.0,1059.5,7.0,0.7,1.3416407864998738,0.9142857142857143,6.0,0.7,28.259205380699516
351330,3.6,13.0,37.41538461538462,364.1,18.0,1571.8000000000002,5.0,0.5,1.4646029251626742,0.8333333333333334,2.0,0.5,23.989429799086263
351340,8.0,25.0,20.351937085137088,128.6,80.0,2140.4,10.0,1.0,0.8100925873009825,1.0,10.0,1.0,39.56426487610043
351350,1.0,1.0,11.933333333333335,19.5,3.0,35.800000000000004,3.0,0.3,0.0,0.6666666666666666,2.0,0.3,11.75245131129824
351360,8.666666666666666,19.0,17.96200501253133,115.6,78.0,1580.1000000000001,9.0,0.9,0.6527139518645055,0.9743589743589743,8.0,0.9,36.683768290623
351370,16.4,37.0,41.67047021672022,213.4,164.0,6032.099999999999,10.0,1.0,0.685776092635166,0.676829268292683,10.0,1.0,49.59828616348541
351380,0.0,0.0,0.0,0.0,0.0,0.0,0.0,0.0,,0.0,0.0,,0.0
351385,2.0,2.0,101.7,196.8,4.0,406.8,2.0,0.2,0.0,1.0,1.0,0.2,24.41104063812806
351390,1.1666666666666667,2.0,49.333333333333336,184.5,7.0,461.09999999999997,6.0,0.6,0.34992710611188255,1.0,3.0,0.6,27.082979328634405
351400,2.8333333333333335,8.0,85.13125000000001,956.6,17.0,3030.3,6.0,0.6,0.9836025866389874,0.8823529411764706,3.0,0.6,34.3083952882019
351410,6.4,17.0,31.850206900942197,220.2,64.0,2798.3,10.0,1.0,0.8844970714730741,0.90625,10.0,1.0,40.23296957492883
351420,2.0,4.0,61.88750000000001,188.4,12.0,861.4000000000001,6.0,0.6,0.5477225575051661,0.75,6.0,0.6,29.809426679969377
351430,4.428571428571429,9.0,34.21960317460317,170.8,31.0,1291.0,7.0,0.7,0.7806629341263076,0.7741935483870968,3.0,0.7,30.100573996186313
351440,7.666666666666667,16.0,38.690031080031076,234.4,69.0,3596.8,9.0,0.9,0.6993786061802353,0.7101449275362319,9.0,0.9,39.3471458298862
351450,4.5,10.0,45.45333333333333,221.7,18.0,652.2,4.0,0.4,0.8215212226969938,0.9444444444444444,2.0,0.4,23.018588269132223
351460,2.8,9.0,45.190555555555555,174.4,28.0,1445.5,10.0,1.0,0.9343531843023135,0.8214285714285714,10.0,1.0,39.659734619467
351470,3.25,10.0,32.92,247.3,26.0,1070.8,8.0,0.8,0.9267326875739788,0.5,4.0,0.8,31.973222788729128
351480,6.3,16.0,10.733458333333335,31.5,63.0,713.0,10.0,1.0,0.665279483978832,0.7936507936507936,10.0,1.0,36.654071166441774
351490,6.625,10.0,77.87572916666667,1612.6,53.0,5404.5,8.0,0.8,0.6034365636207318,0.8867924528301887,5.0,0.8,42.03889333016356
351492,3.3333333333333335,4.0,84.00833333333333,203.5,10.0,808.6999999999999,3.0,0.3,0.3464101615137754,1.0,1.0,0.3,25.5090431155091
351495,3.4,7.0,51.76914285714285,311.0,17.0,1053.7,5.0,0.5,0.7382294351771255,1.0,3.0,0.5,26.214796936913654
351500,1.0,1.0,3.7,3.7,1.0,3.7,1.0,0.1,,1.0,1.0,0.1,4.387219581175627
351510,2.125,4.0,18.578125,83.3,17.0,320.7,8.0,0.8,0.4663676277482893,0.9411764705882353,5.0,0.8,28.724681034058342
351512,2.25,4.0,21.80625,58.0,9.0,219.2,4.0,0.4,0.5592469952052407,0.0,2.0,0.4,17.356672834371736
351515,3.2857142857142856,7.0,18.568979591836733,101.1,23.0,468.3,7.0,0.7,0.7183787670373177,0.5217391304347826,6.0,0.7,26.62120269633221
351518,9.2,23.0,22.607222222222223,123.4,92.0,2206.9,10.0,1.0,0.7750575047606342,0.9347826086956522,10.0,1.0,40.866664156654274
351519,5.3,10.0,44.48519047619048,240.8,53.0,2299.4,10.0,1.0,0.5265769984637605,0.7924528301886793,10.0,1.0,41.47700863823962
351520,6.555555555555555,17.0,29.361061832140265,266.4,59.0,2001.6,9.0,0.9,0.7477342967721734,0.6271186440677966,7.0,0.9,36.94057792694489
351530,8.5,13.0,132.23645502645505,922.8,51.0,6364.7,6.0,0.6,0.40583972495671394,0.9803921568627451,2.0,0.6,46.50353644428741
351535,4.166666666666667,7.0,87.0122619047619,1531.8,25.0,3295.0,6.0,0.6,0.6513984955463129,0.68,2.0,0.6,35.65189272459571
351540,2.2857142857142856,4.0,14.578571428571427,98.4,16.0,273.8,7.0,0.7,0.5484352742120077,0.875,4.0,0.7,25.18582832497322
351550,9.5,21.0,37.81894905094906,546.9,95.0,4651.0,10.0,1.0,0.6359497880839249,0.8,10.0,1.0,43.62114479814452
351560,5.444444444444445,10.0,52.88858024691358,489.2,49.0,3166.4,9.0,0.9,0.588838287602184,0.8163265306122449,5.0,0.9,39.98219457834988
351565,1.6666666666666667,3.0,23.155555555555555,72.5,5.0,149.2,3.0,0.3,0.692820323027551,1.0,1.0,0.3,14.129089741038293
351570,1.0,1.0,6.3,6.6,3.0,18.9,3.0,0.3,0.0,1.0,2.0,0.3,10.81834539068803
351580,4.0,10.0,52.56333333333333,321.3,24.0,1964.9,6.0,0.6,0.8803408430829505,0.9166666666666666,3.0,0.6,29.810704345171768
351590,5.1,17.0,40.04352139037433,398.1,51.0,3026.1,10.0,1.0,1.051658156251914,0.9215686274509803,10.0,1.0,40.585762767708516
351600,6.8,12.0,29.59297619047619,208.7,68.0,2144.6,10.0,1.0,0.45353072573413244,0.8088235294117647,10.0,1.0,40.168158709174364
351610,4.0,9.0,62.248333333333335,302.4,24.0,1517.3999999999999,6.0,0.6,0.806225774829855,0.8333333333333334,2.0,0.6,31.416647985605472
351620,8.7,21.0,31.428173160173156,746.0,87.0,3526.8,10.0,1.0,0.6897615924703503,0.9195402298850575,10.0,1.0,41.94248604352463
351630,2.25,6.0,17.5,43.1,18.0,315.7,8.0,0.8,0.7417981870189156,0.9444444444444444,5.0,0.8,28.642620712366817
351640,9.7,18.0,24.909695378151262,95.0,97.0,2537.8,10.0,1.0,0.4812223702112798,0.979381443298969,10.0,1.0,41.63530196863922
351650,3.8,7.0,117.86238095238096,505.1,19.0,3372.8,5.0,0.5,0.6811673213444623,0.7894736842105263,3.0,0.5,37.48369806900976
351660,3.0,6.0,22.77261904761905,80.2,21.0,543.9,7.0,0.7,0.6085806194501846,0.9523809523809523,3.0,0.7,27.097184642001753
351670,6.7,17.0,17.922053921568626,298.3,67.0,1677.3,10.0,1.0,0.8732725153224924,0.9253731343283582,10.0,1.0,38.155544727433906
351680,4.142857142857143,13.0,50.4321978021978,249.4,29.0,1768.3000000000002,7.0,0.7,0.9994052928406506,1.0,4.0,0.7,32.56785229564268
351685,7.25,23.0,54.868892339544516,425.3,58.0,4121.9,8.0,0.8,1.0854442549057501,0.6896551724137931,4.0,0.8,38.707513419971306
351690,4.111111111111111,9.0,66.12629629629629,452.9,37.0,2439.7999999999997,9.0,0.9,0.6371446072500695,0.8378378378378378,8.0,0.9,41.14564861427469
351700,15.3,35.0,47.95864177766678,377.6,153.0,8781.4,10.0,1.0,0.6565293596783104,0.7124183006535948,10.0,1.0,49.7899119700697
351710,5.0,11.0,34.81281818181818,208.6,50.0,1777.4,10.0,1.0,0.8379870059984358,0.84,10.0,1.0,39.64105057667238
351720,10.6,20.0,58.441843864468865,437.2,106.0,6637.4,10.0,1.0,0.5593596275310481,0.7641509433962265,10.0,1.0,47.89184794368864
351730,5.222222222222222,11.0,36.705336700336694,215.8,47.0,2245.0,9.0,0.9,0.6755109730377677,0.8936170212765957,7.0,0.9,37.126795578234045
351740,29.9,79.0,110.45840999791912,3661.5,299.0,54654.9,10.0,1.0,0.9199114720521021,0.8160535117056856,10.0,1.0,71.44941283155457
351750,6.0,13.0,48.12019036519036,355.5,54.0,3829.4,9.0,0.9,0.8858454843945541,0.7222222222222222,7.0,0.9,39.62134173855696
351760,5.555555555555555,14.0,12.435291005291004,53.5,50.0,593.9,9.0,0.9,0.7149825172687791,0.96,5.0,0.9,33.360292517249675
351770,20.8,74.0,95.39251019567955,1457.7,208.0,25822.0,10.0,1.0,0.9940548952546585,0.9375,10.0,1.0,61.91060224209073
351780,7.7,36.0,72.23294444444444,1039.4,77.0,7101.5,10.0,1.0,1.320239865128629,0.6623376623376623,10.0,1.0,47.93494167277049
351790,7.6,15.0,75.06962545787546,1854.5,76.0,6015.8,10.0,1.0,0.5890923996624846,0.7368421052631579,10.0,1.0,48.3279439253312
351800,2.7142857142857144,5.0,21.61357142857143,95.8,19.0,397.6,7.0,0.7,0.5907880084379907,0.7894736842105263,4.0,0.7,26.683938585249074
351810,10.666666666666666,21.0,92.34122875891451,2755.0,96.0,9521.1,9.0,0.9,0.635843435917994,0.59375,5.0,0.9,50.564542859963446
351820,11.6,40.0,45.66617261904762,776.7,116.0,7803.8,10.0,1.0,0.9592709831589116,0.8448275862068966,10.0,1.0,46.54711094680947
351830,7.0,14.0,21.72984126984127,172.3,63.0,1455.1,9.0,0.9,0.4844521416518049,0.7936507936507936,5.0,0.9,36.01905127656212
351840,9.2,21.0,20.03987912087912,93.6,92.0,2028.5,10.0,1.0,0.6832376560187344,0.8695652173913043,10.0,1.0,40.440953436322495
351850,1.8888888888888888,7.0,23.45026455026455,100.9,17.0,559.3,9.0,0.9,1.0734286818173329,0.8235294117647058,5.0,0.9,32.34988977167726
351860,6.0,11.0,35.650090909090906,231.6,60.0,2824.4,10.0,1.0,0.5773502691896257,0.6166666666666667,10.0,1.0,40.55357953751424
351870,1.25,2.0,8.2,11.3,5.0,40.1,4.0,0.4,0.4,0.16666666666666666,2.0,0.4,14.326822464549089
351880,3.857142857142857,9.0,13.936031746031746,42.7,27.0,423.20000000000005,7.0,0.7,0.7695033107282677,0.8888888888888888,5.0,0.7,26.295089395798314
351885,7.888888888888889,17.0,51.767902990255934,436.5,71.0,5219.6,9.0,0.9,0.709871730270906,0.7605633802816901,9.0,0.9,41.68761949901776
351890,3.8333333333333335,11.0,32.828383838383836,140.2,23.0,1075.2,6.0,0.6,0.9956426807977282,0.9565217391304348,2.0,0.6,26.409352942861524
351900,2.888888888888889,6.0,58.99370370370371,495.0,26.0,1648.9,9.0,0.9,0.7018572150344099,0.7692307692307693,7.0,0.9,39.01731261542422
351905,1.6666666666666667,3.0,14.166666666666666,49.1,5.0,98.10000000000001,3.0,0.3,0.692820323027551,0.8,2.0,0.3,12.638573587638568
351907,2.5,5.0,23.474833333333333,109.6,25.0,459.5,10.0,1.0,0.6599663291074443,0.76,10.0,1.0,35.82677694755921
351910,9.222222222222221,16.0,51.5553086419753,632.4,83.0,4009.7,9.0,0.9,0.3419437577426115,0.6506024096385542,7.0,0.9,42.68396013131803
351920,3.125,6.0,32.65395833333333,327.3,25.0,1249.0,8.0,0.8,0.578470890735715,0.8,4.0,0.8,31.83239659415671
351925,9.9,23.0,43.971590858416945,320.4,99.0,5230.9,10.0,1.0,0.6924085041856389,0.9090909090909091,10.0,1.0,44.95083896977096
351930,4.333333333333333,11.0,46.45678210678211,416.2,39.0,2608.4,9.0,0.9,0.8240109725241751,0.8717948717948718,6.0,0.9,38.05602869045808
351940,4.833333333333333,12.0,37.12876984126984,173.2,29.0,1356.1,6.0,0.6,0.8421138681580503,0.8275862068965517,3.0,0.6,27.896127101542596
351950,4.428571428571429,10.0,36.998333333333335,109.7,31.0,1119.9,7.0,0.7,0.7003294403412379,0.8709677419354839,4.0,0.7,30.56133641507057
351960,15.9,42.0,44.340203296703294,1235.6,159.0,7569.8,10.0,1.0,0.7062531843335745,0.8427672955974843,10.0,1.0,49.65412775093133
351970,15.6,40.0,15.106579330456265,116.0,156.0,2419.9,10.0,1.0,0.6142558498745624,0.9166666666666666,10.0,1.0,44.57456951162837
351980,9.0,16.0,131.8639761904762,1251.5,90.0,11940.699999999999,10.0,1.0,0.531581484978049,0.9111111111111111,10.0,1.0,58.82862008591925
351990,4.666666666666667,13.0,65.41207264957265,640.9,28.0,2837.3,6.0,0.6,0.9646824580648076,0.6428571428571429,3.0,0.6,32.45704796677485
352000,2.4,6.0,26.129333333333335,113.6,24.0,864.8,10.0,1.0,0.7401618108041238,0.8333333333333334,10.0,1.0,36.1895703782379
352010,12.0,28.0,91.05141360696916,868.8,108.0,9739.699999999999,9.0,0.9,0.7883703303510209,0.8981481481481481,7.0,0.9,51.3822613034162
352020,3.875,13.0,16.755929487179486,40.9,31.0,439.1,8.0,0.8,1.0362824776909039,0.8709677419354839,5.0,0.8,29.7764940964436
352030,4.5,8.0,9.54186507936508,29.2,27.0,271.0,6.0,0.6,0.5752079602464348,0.4444444444444444,3.0,0.6,23.063834106912584
352040,1.0,1.0,7.35,7.8,2.0,14.7,2.0,0.2,0.0,0.6666666666666666,1.0,0.2,7.992453890683423
352042,1.0,1.0,8.3,8.3,1.0,8.3,1.0,0.1,,0.0,1.0,0.1,5.149980628774496
352044,5.666666666666667,10.0,49.7021164021164,523.5,51.0,3117.9,9.0,0.9,0.3743506488634663,0.7843137254901961,5.0,0.9,39.625754817263974
352050,5.5,11.0,20.39960606060606,99.4,55.0,1055.9,10.0,1.0,0.49422746758485125,0.9636363636363636,10.0,1.0,37.63793325532576
352060,1.3333333333333333,2.0,30.95,44.1,4.0,119.7,3.0,0.3,0.4330127018922193,0.75,2.0,0.3,15.163647830342263
352070,1.6666666666666667,3.0,40.07777777777778,200.5,10.0,510.1,6.0,0.6,0.4898979485566356,0.7,3.0,0.6,25.935092338847653
352080,1.0,1.0,10.3,10.3,1.0,10.3,1.0,0.1,,1.0,1.0,0.1,5.4816158668609605
352090,3.25,11.0,51.587026515151514,194.6,26.0,1527.1,8.0,0.8,1.0105111149514416,0.8846153846153846,8.0,0.8,35.068544680088436
352100,3.111111111111111,6.0,21.989814814814814,74.7,28.0,615.2,9.0,0.9,0.49390416735497605,0.9285714285714286,7.0,0.9,33.05334795135405
352110,2.5,5.0,19.630555555555556,57.0,15.0,280.7,6.0,0.6,0.5513619500836089,0.8666666666666667,2.0,0.6,23.189327959507285
352115,5.4,7.0,47.32180952380953,153.7,27.0,1304.3,5.0,0.5,0.2808472386685759,0.9259259259259259,2.0,0.5,27.024739493920052
352120,11.8,17.0,22.094256535947714,165.7,118.0,2429.6,10.0,1.0,0.3289474944182969,0.559322033898305,10.0,1.0,42.793210823766096
352130,20.1,70.0,101.85279120879122,1782.7,201.0,28622.7,10.0,1.0,1.0088726833762858,0.8756218905472637,10.0,1.0,62.44024458453414
352140,2.625,5.0,40.04958333333333,113.3,21.0,896.7,8.0,0.8,0.6419116251475074,0.9047619047619048,4.0,0.8,32.67187432763548
352150,5.571428571428571,9.0,36.08772108843537,171.3,39.0,1372.9,7.0,0.7,0.3994297930101854,0.5384615384615384,5.0,0.7,31.29456302156789
352160,2.4,4.0,117.17833333333333,537.1,12.0,1762.6999999999998,5.0,0.5,0.4750730937913075,0.5833333333333334,4.0,0.5,36.28709877450516
352170,3.5,7.0,13.882714285714286,72.3,35.0,505.1,10.0,1.0,0.5909368402852788,0.6857142857142857,10.0,1.0,35.00992899621945
352180,9.88888888888889,17.0,23.17446700358465,158.1,89.0,2414.2,9.0,0.9,0.41523657285690735,0.48314606741573035,6.0,0.9,38.49371280487418
352190,6.555555555555555,15.0,37.52981481481481,359.4,59.0,2858.2999999999997,9.0,0.9,0.7240185186049902,0.6949152542372882,5.0,0.9,38.295101097084284
352200,4.75,8.0,53.424821428571434,416.9,38.0,2063.6,8.0,0.8,0.5710327081518053,0.7105263157894737,5.0,0.8,36.53382504299499
352210,1.0,1.0,6.75,9.0,2.0,13.5,2.0,0.2,0.0,0.0,1.0,0.2,7.892963319257484
352215,3.0,5.0,12.685208333333334,28.9,24.0,289.9,8.0,0.8,0.4364357804719847,0.8333333333333334,5.0,0.8,28.4245142150477
352220,3.5555555555555554,7.0,9.626455026455027,21.9,32.0,328.7,9.0,0.9,0.676040864149498,1.0,9.0,0.9,31.34714924152479
352230,16.0,49.0,29.4435974948193,353.5,160.0,3598.2000000000003,10.0,1.0,0.9492321458245431,0.725,10.0,1.0,47.26137748410889
352240,7.9,21.0,28.70287698412698,633.6,79.0,2684.5,10.0,1.0,0.6411558666238106,0.6075949367088608,10.0,1.0,40.8716284078525
352250,2.888888888888889,5.0,13.036111111111111,38.7,26.0,359.1,9.0,0.9,0.5593476758557303,0.9615384615384616,5.0,0.9,31.39673403476162
352260,19.2,44.0,36.661214123595705,642.3,192.0,7744.6,10.0,1.0,0.6921838204971458,0.9114583333333334,10.0,1.0,50.934007538949565
352265,2.6666666666666665,6.0,13.055555555555555,27.6,16.0,224.6,6.0,0.6,0.6982120021884471,0.5625,3.0,0.6,22.228026179417313
352270,21.2,79.0,34.276119833844376,260.4,212.0,6790.5,10.0,1.0,1.0104082368971803,0.6415094339622641,10.0,1.0,52.085905664060725
352280,2.5,5.0,29.486666666666665,87.1,15.0,428.09999999999997,6.0,0.6,0.5513619500836089,0.6666666666666666,4.0,0.6,24.823644836977277
352290,6.285714285714286,11.0,59.95654504225933,471.8,44.0,2762.9,7.0,0.7,0.5090435584040104,0.8863636363636364,3.0,0.7,35.80507342946424
352300,8.25,20.0,54.3795860745614,547.2,66.0,5833.8,8.0,0.8,1.034115685604581,0.7272727272727273,5.0,0.8,39.40007221084454
352310,1.6,3.0,11.073333333333334,17.4,8.0,81.7,5.0,0.5,0.5590169943749475,1.0,4.0,0.5,18.074064793350463
352320,4.0,10.0,25.781851851851854,317.3,36.0,1487.0000000000002,9.0,0.9,0.8477912478906584,0.6944444444444444,7.0,0.9,34.369862851462095
352330,1.0,1.0,8.375,15.5,4.0,33.5,4.0,0.4,0.0,1.0,2.0,0.4,14.162416950202738
352340,7.875,15.0,30.32839285714286,261.4,63.0,2098.0,8.0,0.8,0.6525886423130712,0.873015873015873,4.0,0.8,35.12182521986508
352350,4.285714285714286,10.0,43.055238095238096,399.9,30.0,1449.4,7.0,0.7,0.7091988176547976,0.8333333333333334,3.0,0.7,31.455150171358998
352360,10.8,33.0,29.95093831168831,212.0,108.0,3253.4,10.0,1.0,0.8348180646323051,0.7129629629629629,10.0,1.0,43.32229269868409
352370,1.25,2.0,15.85,26.4,5.0,83.2,4.0,0.4,0.4,0.8,2.0,0.4,15.595327250229818
352380,3.0,6.0,37.17761904761905,265.9,21.0,977.6,7.0,0.7,0.6382847385042255,0.8095238095238095,4.0,0.7,29.485787444319513
352390,20.9,45.0,22.593520923520924,131.0,209.0,5045.900000000001,10.0,1.0,0.6219891216530263,0.8803827751196173,10.0,1.0,49.91661661129913
352400,5.1,9.0,20.425166666666666,74.8,51.0,1022.0999999999999,10.0,1.0,0.47537507309720745,0.9215686274509803,10.0,1.0,37.33269389787776
352410,36.7,77.0,98.16312206743717,1124.0,367.0,38168.2,10.0,1.0,0.8077996636140551,0.8991825613079019,10.0,1.0,74.6717593183376
352420,6.125,25.0,99.95218055555556,509.0,49.0,6811.0,8.0,0.8,1.3073973369834258,0.8979591836734694,5.0,0.8,45.31271074103495
352430,14.8,32.0,97.42953582297332,1251.7,148.0,16644.8,10.0,1.0,0.7240912179246889,0.9391891891891891,10.0,1.0,57.60621063724463
352440,10.4,22.0,17.087226445123505,108.4,104.0,1797.2,10.0,1.0,0.6397423051217769,0.9326923076923077,10.0,1.0,40.879784868625876
352450,4.0,7.0,44.69529761904762,270.7,32.0,1475.0,8.0,0.8,0.4629100498862757,0.78125,6.0,0.8,34.506045396481795
352460,3.125,10.0,9.215,18.2,25.0,251.0,8.0,0.8,0.9741809746800496,0.56,5.0,0.8,27.945804330469848
352470,5.0,9.0,23.825326278659613,144.3,45.0,1284.9,9.0,0.9,0.5099019513592784,0.8,7.0,0.9,34.81913083003383
352480,4.125,8.0,35.39875,628.8,33.0,1715.1000000000001,8.0,0.8,0.7149020035789789,0.45454545454545453,4.0,0.8,33.061225803808746
352490,2.0,3.0,36.35,290.5,12.0,537.9,6.0,0.6,0.4472135954999579,1.0,2.0,0.6,25.57485923365283
352500,2.0,2.0,14.649999999999999,15.7,2.0,29.299999999999997,1.0,0.1,,1.0,1.0,0.1,6.976616900414688
352510,13.2,38.0,60.30948431685274,973.0,132.0,11680.3,10.0,1.0,0.7273428697937248,0.8787878787878788,10.0,1.0,50.21314105259249
352520,6.4,15.0,20.324952380952382,103.9,64.0,1507.1999999999998,10.0,1.0,0.5901756447589706,0.9375,10.0,1.0,38.32187931155687
352530,22.3,47.0,68.07978197374369,569.4,223.0,14657.2,10.0,1.0,0.5322928511470465,0.9103139013452914,10.0,1.0,58.54221226482792
352540,4.285714285714286,12.0,43.03928571428571,253.8,30.0,1874.5,7.0,0.7,0.8804460149181125,0.9,5.0,0.7,31.452504985531405
352550,3.142857142857143,5.0,22.247142857142855,55.7,22.0,498.3,7.0,0.7,0.3865863885506992,1.0,3.0,0.7,27.12057920133532
352560,2.5555555555555554,6.0,36.40555555555556,142.8,23.0,952.0,9.0,0.9,0.6521739130434784,0.5652173913043478,8.0,0.9,35.01390154066394
352570,16.2,42.0,56.699074735449734,602.8,162.0,12291.0,10.0,1.0,0.8105011141812273,0.8024691358024691,10.0,1.0,51.93555470418036
352580,3.3333333333333335,7.0,39.142857142857146,260.3,10.0,614.2,3.0,0.3,0.9643650760992954,0.1,1.0,0.3,18.069556676363508
352585,2.0,3.0,34.729166666666664,129.8,8.0,296.6,4.0,0.4,0.408248290463863,1.0,1.0,0.4,19.306096509453592
352590,10.4,22.0,17.120524701906284,146.8,104.0,2058.2,10.0,1.0,0.6741444525710208,0.9230769230769231,10.0,1.0,40.88530630628389
352600,3.3333333333333335,6.0,54.83240740740741,337.8,30.0,1943.4,9.0,0.9,0.4743416490252569,0.5,5.0,0.9,38.67116054509035
352610,3.5714285714285716,6.0,14.145238095238096,39.3,25.0,313.2,7.0,0.7,0.5566566865372827,0.68,4.0,0.7,26.108723954307962
352620,3.3333333333333335,5.0,10.521944444444445,24.3,20.0,219.9,6.0,0.6,0.3098386676965933,0.95,4.0,0.6,22.3237050778685
352630,3.1666666666666665,4.0,14.700000000000001,57.8,19.0,279.9,6.0,0.6,0.12892051277806202,1.0,3.0,0.6,22.887551237201794
352640,3.3,10.0,24.973499999999998,152.5,33.0,779.5,10.0,1.0,0.8087118747979029,0.9696969696969697,10.0,1.0,36.69423779853786
352650,6.5,23.0,71.04279891304348,464.4,52.0,4484.8,8.0,0.8,1.0498963439557087,0.8461538461538461,4.0,0.8,40.80916130557984
352660,3.5555555555555554,9.0,36.68586419753086,230.5,32.0,1340.3,9.0,0.9,0.7455925181525094,0.96875,6.0,0.9,35.834076042989196
352670,14.3,29.0,39.48210237886735,490.7,143.0,5183.900000000001,10.0,1.0,0.5526491424510164,0.8741258741258742,10.0,1.0,47.61065799851897
352680,5.5,16.0,59.395559523809524,486.5,55.0,3812.0,10.0,1.0,0.8793101896089035,0.7272727272727273,10.0,1.0,44.10414941091485
352690,27.2,57.0,27.601939769552775,248.2,272.0,8239.4,10.0,1.0,0.5363672536931151,0.8676470588235294,10.0,1.0,55.62137536102809
352700,2.3333333333333335,4.0,15.808333333333332,41.6,7.0,140.1,3.0,0.3,0.6546536707079771,1.0,2.0,0.3,13.426587106044988
352710,18.1,42.0,44.221903138528134,491.5,181.0,9426.1,10.0,1.0,0.7063041278341028,0.850828729281768,10.0,1.0,51.33663915994475
352720,5.777777777777778,15.0,20.73962962962963,198.2,52.0,1049.6,9.0,0.9,0.7873467729205488,0.8653846153846154,5.0,0.9,34.90923026249197
352725,3.0,7.0,57.37063492063492,316.6,27.0,1786.5,9.0,0.9,0.5773502691896257,0.8518518518518519,8.0,0.9,38.83414525768521
352730,1.8,4.0,9.095,16.9,9.0,79.5,5.0,0.5,0.7243558228002943,0.7777777777777778,5.0,0.5,17.9007611484864
352740,5.833333333333333,25.0,94.30866666666667,880.7,35.0,6250.900000000001,6.0,0.6,1.6169510234527509,0.9142857142857143,3.0,0.6,38.15125584098324
352750,2.142857142857143,6.0,38.53809523809524,532.2,15.0,1176.1,7.0,0.7,0.8273115763993905,0.6,6.0,0.7,29.048211746375852
352760,9.0,31.0,40.50659139784946,614.2,90.0,4419.6,10.0,1.0,0.9629629629629629,0.6222222222222222,10.0,1.0,43.67995605758948
352770,2.2,5.0,20.013333333333332,60.2,11.0,276.4,5.0,0.5,0.8131156281817418,0.7272727272727273,2.0,0.5,20.020690942026356
352780,2.7142857142857144,6.0,21.01666666666667,76.3,19.0,503.1,7.0,0.7,0.8432010414524852,0.9473684210526315,5.0,0.7,26.58496125883446
352790,2.1666666666666665,4.0,11.820833333333333,24.0,13.0,179.3,6.0,0.6,0.6793662204867574,0.6923076923076923,3.0,0.6,21.636440284990822
352800,1.6,4.0,35.415,133.2,8.0,384.6,5.0,0.5,0.8385254915624211,0.625,2.0,0.5,22.11034200356114
352810,2.0,4.0,39.825,85.6,10.0,328.4,5.0,0.5,0.6123724356957945,0.6,3.0,0.5,23.151075459828064
352820,3.125,9.0,63.93055555555556,554.1,25.0,2312.7,8.0,0.8,0.8626868327664283,0.84,7.0,0.8,37.01860747731977
352830,7.555555555555555,29.0,71.45485216146136,1709.6,68.0,8787.9,9.0,0.9,1.154037031723088,0.9411764705882353,7.0,0.9,44.69416440657362
352840,9.4,18.0,15.899285714285714,155.5,94.0,1630.3,10.0,1.0,0.4519016261581274,0.9680851063829787,10.0,1.0,39.90910897435821
352850,10.0,16.0,16.778556277056275,205.8,100.0,1817.3,10.0,1.0,0.39157800414902433,0.94,10.0,1.0,40.51912416000103
352860,4.666666666666667,12.0,34.07361111111111,255.6,28.0,1426.6,6.0,0.6,0.8427360687858643,0.8214285714285714,2.0,0.6,27.26057888998925
352870,5.0,10.0,34.306666666666665,276.5,45.0,1575.8,9.0,0.9,0.6403124237432849,0.7555555555555555,7.0,0.9,36.55712173755483
352880,3.625,9.0,46.859097222222225,302.8,29.0,1838.1000000000001,8.0,0.8,0.6906396913624386,0.6551724137931034,5.0,0.8,34.57470609824853
352885,2.2,7.0,29.454285714285714,74.0,11.0,354.7,5.0,0.5,1.2196734422726125,0.7272727272727273,3.0,0.5,21.586167187336418
352890,1.5,2.0,39.2,65.3,3.0,91.5,2.0,0.2,0.47140452079103173,0.3333333333333333,2.0,0.2,13.660592252568208
352900,7.0,15.0,28.107378066378068,370.9,70.0,2424.5,10.0,1.0,0.7190318509781667,0.8428571428571429,10.0,1.0,40.07655924352445
352910,2.3333333333333335,5.0,11.418333333333335,26.1,14.0,159.6,6.0,0.6,0.5855400437691198,0.5714285714285714,5.0,0.6,21.698647758445198
352920,11.1,21.0,57.88148043184886,403.5,111.0,6965.5,10.0,1.0,0.6348351189410157,0.7837837837837838,10.0,1.0,48.18577700885053
352930,18.625,30.0,75.73310773341399,835.4,149.0,11163.3,8.0,0.8,0.3944834417831116,0.8590604026845637,5.0,0.8,50.967941634178615
352940,2.0,2.0,5.4,6.2,2.0,10.8,1.0,0.1,,0.0,1.0,0.1,5.442803924264789
352950,2.5,7.0,28.654017857142858,299.3,20.0,812.5,8.0,0.8,0.855235974119758,0.7,4.0,0.8,30.685576993882858
352960,3.6666666666666665,7.0,56.26481481481481,412.3,33.0,2521.7,9.0,0.9,0.4916660830178167,0.696969696969697,5.0,0.9,39.16657706112509
352965,2.6666666666666665,6.0,106.72638888888889,481.0,16.0,1115.1,6.0,0.6,0.7745966692414833,0.75,3.0,0.6,37.760300736546085
352970,17.3,63.0,96.90005050994758,1653.6,173.0,20645.600000000002,10.0,1.0,1.0304412864605257,0.838150289017341,10.0,1.0,59.45264862010951
352980,3.4285714285714284,6.0,35.444761904761904,113.3,24.0,916.7,7.0,0.7,0.4409585518440985,0.8333333333333334,5.0,0.7,29.530032509055598
352990,3.2,6.0,9.153,22.6,32.0,273.1,10.0,1.0,0.5667279378639768,0.59375,10.0,1.0,33.99355071739284
353000,3.3333333333333335,7.0,42.07380952380952,169.2,10.0,694.3000000000001,3.0,0.3,0.9643650760992954,0.9,2.0,0.3,18.555560221702123
353010,11.3,40.0,47.56375,1061.3,113.0,8446.9,10.0,1.0,0.9801769982525309,0.831858407079646,10.0,1.0,46.62965439285458
353020,11.444444444444445,26.0,84.5142929974509,603.8,103.0,10043.5,9.0,0.9,0.6511190943526648,0.8155339805825242,7.0,0.9,49.86846131148318
353030,8.2,22.0,45.346848484848486,264.8,82.0,4151.9,10.0,1.0,0.7221599346732506,0.7682926829268293,10.0,1.0,43.86360045074025
353040,3.25,6.0,24.61895833333333,116.7,26.0,844.7,8.0,0.8,0.6929179239751405,0.8846153846153846,5.0,0.8,30.596763823983796
353050,20.5,48.0,41.616938843320426,685.2,205.0,9019.5,10.0,1.0,0.6080735593923629,0.9073170731707317,10.0,1.0,52.76155672053838
353060,17.0,30.0,15.835372085516823,155.7,170.0,2756.9,10.0,1.0,0.4539543883447147,0.9529411764705882,10.0,1.0,45.778588338050405
353070,27.8,35.0,34.295719522969755,462.4,278.0,9607.8,10.0,1.0,0.17024690023308248,0.6726618705035972,10.0,1.0,57.195538616568896
353080,18.0,30.0,20.375675070028013,289.8,180.0,3843.3,10.0,1.0,0.4618505153088861,0.8555555555555555,10.0,1.0,47.3051449593926
353090,2.25,4.0,23.218750000000004,69.7,9.0,199.8,4.0,0.4,0.5592469952052407,0.8888888888888888,3.0,0.4,17.590890221270303
353100,2.5714285714285716,6.0,26.622619047619047,170.9,18.0,743.9,7.0,0.7,0.7398142353865992,0.7777777777777778,4.0,0.7,27.403999165011484
353110,1.5,2.0,9.475,12.1,3.0,29.299999999999997,2.0,0.2,0.47140452079103173,0.0,1.0,0.2,8.731663526508127
353120,4.375,17.0,23.655208333333334,77.9,35.0,1002.8000000000001,8.0,0.8,1.1841519089374613,0.9142857142857143,8.0,0.8,31.307363283186007
353130,7.0,19.0,34.37973684210526,449.0,70.0,3271.6,10.0,1.0,0.8137146424111934,0.8571428571428571,10.0,1.0,41.11662684150046
353140,5.555555555555555,10.0,30.707442680776012,248.6,50.0,1951.3,9.0,0.9,0.6371028174478591,0.86,7.0,0.9,36.39013720287541
353150,8.1,20.0,40.83133333333333,558.6,81.0,3699.7,10.0,1.0,0.6647077861150312,0.7530864197530864,10.0,1.0,43.0374790404908
353160,3.625,8.0,58.76517857142857,586.5,29.0,2240.8,8.0,0.8,0.7363502242780214,0.5172413793103449,5.0,0.8,36.54894415970896
353170,2.25,5.0,23.04958333333333,78.1,18.0,387.4,8.0,0.8,0.6172133998483676,0.8888888888888888,6.0,0.8,29.562839407382153
353180,6.3,14.0,38.21519841269841,166.7,63.0,2404.4,10.0,1.0,0.665279483978832,0.8888888888888888,10.0,1.0,41.21102787356706
353190,51.7,132.0,85.35489498895029,1740.3,517.0,54241.5,10.0,1.0,0.7000194513583176,0.8317214700193424,10.0,1.0,84.15334546075286
353200,4.4,8.0,34.754999999999995,199.2,22.0,630.9,5.0,0.5,0.6140570948230134,0.8636363636363636,2.0,0.5,24.167246668996473
353205,6.777777777777778,23.0,67.55372785829307,2256.7,61.0,9185.6,9.0,0.9,1.2920955398773426,0.9180327868852459,6.0,0.9,43.4455269591406
353210,3.0,8.0,47.015625,308.9,12.0,1182.7,4.0,0.4,1.1221672153735642,0.9166666666666666,4.0,0.4,22.11710216747647
353215,3.25,4.0,39.025,105.6,13.0,525.6,4.0,0.4,0.2945929562327194,0.8461538461538461,2.0,0.4,20.98553935298806
353220,3.142857142857143,5.0,48.537142857142854,244.1,22.0,1294.5,7.0,0.7,0.46577048936179993,0.9090909090909091,4.0,0.7,31.479924405981897
353230,3.7,11.0,12.139545454545454,59.4,37.0,528.5,10.0,1.0,0.826180649953901,0.9459459459459459,10.0,1.0,34.875619769187786
353240,4.444444444444445,7.0,15.862645502645503,61.5,40.0,723.9,9.0,0.9,0.5045109017652641,0.975,5.0,0.9,33.068947845489596
353250,4.4,16.0,56.513125,277.1,44.0,1955.0,10.0,1.0,0.9772433634301273,0.9318181818181818,10.0,1.0,42.77512715134151
353260,8.3,14.0,38.125714646464644,269.6,83.0,3692.8,10.0,1.0,0.44012106643526044,0.8795180722891566,10.0,1.0,42.74357866993849
353270,3.2,8.0,21.947499999999998,114.1,16.0,501.4,5.0,0.5,0.921742575234539,0.9375,3.0,0.5,21.115104244241476
353280,4.75,12.0,21.802651515151517,91.1,38.0,961.2,8.0,0.8,0.898488375716671,0.868421052631579,5.0,0.8,31.290312118971165
353282,2.8333333333333335,5.0,52.355833333333344,602.0,17.0,1358.7,6.0,0.6,0.7204381596421112,0.9411764705882353,2.0,0.6,28.873653733385357
353284,1.8333333333333333,4.0,17.358333333333334,27.9,11.0,195.60000000000002,6.0,0.6,0.6376610151545521,0.5454545454545454,4.0,0.6,22.296757220204164
353286,2.857142857142857,7.0,44.50034013605442,204.4,20.0,1111.8,7.0,0.7,0.8906926143924925,0.8,5.0,0.7,30.5894958500193
353290,5.5,11.0,36.66770202020202,227.8,44.0,1545.1,8.0,0.8,0.5582905262390826,0.6818181818181818,3.0,0.8,34.335470193712794
353300,8.1,16.0,40.83607954545455,733.1,81.0,4088.7000000000003,10.0,1.0,0.6143965390933702,0.7160493827160493,10.0,1.0,43.03826604608422
353310,1.6666666666666667,3.0,38.43333333333333,169.3,5.0,317.70000000000005,3.0,0.3,0.692820323027551,0.8,1.0,0.3,16.662414476421006
353320,2.8,5.0,38.910000000000004,169.2,14.0,693.4,5.0,0.5,0.5868455973269637,0.6428571428571429,2.0,0.5,23.618307850976038
353325,4.625,10.0,37.276250000000005,223.8,37.0,1929.2,8.0,0.8,0.7833176619561858,0.972972972972973,5.0,0.8,33.75939557892025
353330,2.0,4.0,36.605000000000004,66.8,10.0,362.8,5.0,0.5,0.6123724356957945,0.6,4.0,0.5,22.617142726508852
353340,3.888888888888889,9.0,28.15599647266314,192.2,35.0,1092.4,9.0,0.9,0.7094119438820078,0.8571428571428571,7.0,0.9,34.677571816336474
353350,4.6,12.0,34.24928571428571,440.3,46.0,1852.6,10.0,1.0,0.6965573820694445,0.6086956521739131,10.0,1.0,39.23812920836631
353360,7.333333333333333,18.0,68.99897707231041,375.6,66.0,4929.9,9.0,0.9,0.8124801332599763,0.9090909090909091,8.0,0.9,44.11500495979732
353370,1.2,2.0,18.439999999999998,41.8,6.0,102.3,5.0,0.5,0.37267799624996495,1.0,3.0,0.5,18.986110164016004
353380,3.5,9.0,45.56111111111111,371.2,14.0,1157.7999999999997,4.0,0.4,1.0816968277714807,0.7857142857142857,2.0,0.4,22.262765332913435
353390,22.6,51.0,65.78933197122215,573.5,226.0,15955.2,10.0,1.0,0.6678664120394534,0.8097345132743363,10.0,1.0,58.39452361608694
353400,2.857142857142857,5.0,44.78476190476191,124.8,20.0,875.0,7.0,0.7,0.4252450274057691,0.4,3.0,0.7,30.636657990510436
353410,1.5,2.0,22.549999999999997,31.4,3.0,58.8,2.0,0.2,0.47140452079103173,1.0,1.0,0.2,10.89972889549839
353420,9.166666666666666,33.0,120.38983682983682,722.9,55.0,8445.6,6.0,0.6,1.3667600586244975,0.9454545454545454,2.0,0.6,45.05495468168706
353430,17.22222222222222,25.0,76.77891067538127,546.5,155.0,13381.5,9.0,0.9,0.3827171599990682,0.896774193548387,5.0,0.9,53.05603288991678
353440,0.0,0.0,0.0,0.0,0.0,0.0,0.0,0.0,,0.0,0.0,,0.0
353450,3.6666666666666665,9.0,24.333333333333332,138.4,11.0,518.6,3.0,0.3,1.2596733145955474,0.2727272727272727,2.0,0.3,15.871774829342765
353460,1.25,3.0,18.204166666666666,155.6,10.0,262.09999999999997,8.0,0.8,0.565685424949238,0.5,4.0,0.8,27.985689561727423
353470,4.4,7.0,30.450619047619046,108.7,44.0,1451.2,10.0,1.0,0.46945252681302013,0.9318181818181818,10.0,1.0,38.45350446801763
353475,6.0,9.0,106.365589569161,752.4,42.0,4972.1,7.0,0.7,0.3967460238079361,0.7619047619047619,4.0,0.7,43.27945515478195
353480,2.6666666666666665,5.0,22.90388888888889,62.5,16.0,349.9,6.0,0.6,0.51234753829798,0.5,3.0,0.6,23.861053364294744
353490,3.5,7.0,122.79142857142858,2281.8,21.0,3458.8,6.0,0.6,0.7171371656006362,0.8571428571428571,4.0,0.6,41.06891269213625
353500,14.2,55.0,80.47997727272727,908.1,142.0,15264.599999999999,10.0,1.0,1.1857597316479145,0.8309859154929577,10.0,1.0,54.331458560179556
353510,3.0,6.0,45.333333333333336,185.2,15.0,818.9000000000001,5.0,0.5,0.6236095644623235,0.6666666666666666,2.0,0.5,24.838148568773533
353520,2.1666666666666665,5.0,15.951666666666668,28.7,13.0,201.3,6.0,0.6,0.6793662204867574,0.3076923076923077,3.0,0.6,22.32140523298857
353530,6.444444444444445,16.0,55.80002244668911,476.4,58.0,3661.6,9.0,0.9,0.7606262674061763,0.8620689655172413,6.0,0.9,41.23865738261432
353540,3.142857142857143,8.0,30.907261904761903,143.3,22.0,903.9,7.0,0.7,0.8097205585386295,0.5,3.0,0.7,28.556579522442455
353550,7.444444444444445,22.0,57.90002104377105,683.9,67.0,5250.900000000001,9.0,0.9,0.9873616599044752,0.9402985074626866,6.0,0.9,42.36056854069224
353560,3.875,10.0,21.61559523809524,184.4,31.0,901.8,8.0,0.8,0.8771753523560906,0.967741935483871,6.0,0.8,30.582312300606397
353570,4.714285714285714,9.0,43.84814058956916,270.6,33.0,1843.7,7.0,0.7,0.6088320471078642,0.9393939393939394,2.0,0.7,31.918210685409132
353580,5.4,13.0,21.49596581196581,132.4,54.0,1204.4,10.0,1.0,0.693998485064454,0.5555555555555556,10.0,1.0,37.742359579839494
353590,3.142857142857143,5.0,20.648571428571426,111.7,22.0,472.3,7.0,0.7,0.5640760748177662,0.45454545454545453,5.0,0.7,26.855507893179066
353600,4.428571428571429,14.0,36.26734693877551,490.5,31.0,2275.9,7.0,0.7,0.983033311667905,0.9032258064516129,5.0,0.7,30.440125991571996
353610,1.0,1.0,5.5,6.0,2.0,11.0,2.0,0.2,0.0,1.0,2.0,0.2,7.685691295453445
353620,2.111111111111111,4.0,9.125925925925927,38.5,19.0,181.70000000000002,9.0,0.9,0.49930699897395464,0.631578947368421,9.0,0.9,30.14659413344613
353625,4.142857142857143,11.0,26.92003710575139,178.2,29.0,1234.5,7.0,0.7,0.8750743131344495,0.7931034482758621,2.0,0.7,28.66912179039607
353630,10.777777777777779,27.0,53.93508417508418,370.4,97.0,7063.099999999999,9.0,0.9,0.8165182752027269,0.7319587628865979,9.0,0.9,44.28209345185542
353640,8.7,19.0,80.85082706766917,888.1,87.0,8875.699999999999,10.0,1.0,0.5337922454212449,0.7126436781609196,10.0,1.0,50.13763284126333
353650,4.6,10.0,22.485916666666668,76.8,46.0,1034.2,10.0,1.0,0.5724179031342465,0.8695652173913043,10.0,1.0,37.28755536096327
353657,2.142857142857143,3.0,21.073809523809526,97.6,15.0,379.4,7.0,0.7,0.41987652505980416,0.6,3.0,0.7,26.152325470942262
353660,15.8,45.0,110.18992815371762,1673.2,158.0,20772.4,10.0,1.0,0.880432096085565,0.7531645569620253,10.0,1.0,60.49580290230183
353670,16.5,29.0,64.81758332089366,979.2,165.0,10446.2,10.0,1.0,0.38780512768590847,0.7696969696969697,10.0,1.0,53.51385478521542
353680,1.625,3.0,11.689583333333333,31.9,13.0,171.0,8.0,0.8,0.5637694654233257,0.9230769230769231,6.0,0.8,27.19559226085374
353690,3.7142857142857144,11.0,24.619372294372294,89.1,26.0,756.8,7.0,0.7,0.9289344068070152,0.46153846153846156,4.0,0.7,27.956047718849923
353700,9.11111111111111,24.0,26.459074074074074,279.8,82.0,2632.6,9.0,0.9,0.9173739452282806,0.9512195121951219,6.0,0.9,38.43659622490534
353710,3.875,8.0,17.326041666666665,57.9,31.0,649.1,8.0,0.8,0.6678053800087298,0.9354838709677419,5.0,0.8,29.871028740633715
353715,1.0,1.0,54.9,54.9,1.0,54.9,1.0,0.1,,1.0,1.0,0.1,12.87708167618912
353720,2.4,4.0,9.943333333333333,23.1,12.0,138.7,5.0,0.5,0.5590169943749475,0.75,2.0,0.5,18.505646396404142
353730,17.3,53.0,64.83815453051875,816.8,173.0,15084.6,10.0,1.0,0.8694251403203427,0.930635838150289,10.0,1.0,54.13622136678883
353740,12.5,30.0,61.6907772967773,824.1,125.0,11790.800000000001,10.0,1.0,0.846850373770689,0.848,10.0,1.0,49.90059769222374
353750,1.75,3.0,15.254166666666668,40.4,7.0,131.9,4.0,0.4,0.5471012044321932,1.0,3.0,0.4,15.883374780907724
353760,1.0,1.0,19.633333333333333,27.9,3.0,58.9,3.0,0.3,0.0,0.3333333333333333,2.0,0.3,13.029246977931127
353770,2.4,6.0,32.17666666666666,144.0,12.0,556.8,5.0,0.5,0.8640183897219883,0.75,2.0,0.5,22.192324793132006
353780,17.1,32.0,13.183755145997793,92.5,171.0,2439.3,10.0,1.0,0.4175818978238081,0.9473684210526315,10.0,1.0,45.41627296959623
353790,4.222222222222222,9.0,31.69740740740741,505.4,38.0,1731.8,9.0,0.9,0.6675605733666222,0.8421052631578947,5.0,0.9,35.522698275827985
353800,13.5,22.0,18.33323051948052,169.1,135.0,2753.9,10.0,1.0,0.48542230250216045,0.9407407407407408,10.0,1.0,43.48484690877249
353810,7.75,18.0,52.90375,635.1,62.0,3360.8,8.0,0.8,0.8153426932570128,0.9193548387096774,7.0,0.8,38.768505391504824
353820,3.125,6.0,18.435,208.4,25.0,691.6,8.0,0.8,0.7142628567771311,0.96,6.0,0.8,29.474642778048448
353830,2.0,3.0,41.02916666666667,129.6,8.0,395.90000000000003,4.0,0.4,0.408248290463863,0.875,3.0,0.4,20.350747509425954
353850,1.8333333333333333,4.0,14.904166666666667,57.3,11.0,222.9,6.0,0.6,0.6376610151545521,1.0,4.0,0.6,21.889813146802233
353860,6.222222222222222,15.0,21.130022446689114,77.8,56.0,1050.6,9.0,0.9,0.7485636756686849,0.9285714285714286,5.0,0.9,35.31782844355975
353870,23.1,36.0,25.37126841948901,263.3,231.0,6088.1,10.0,1.0,0.38420167468623306,0.8917748917748918,10.0,1.0,52.07934374695833
353880,5.4,10.0,17.869,82.8,54.0,1055.9,10.0,1.0,0.5105203241514897,0.8888888888888888,10.0,1.0,37.14094474454812
353890,10.9,31.0,42.85455683563748,396.8,109.0,5832.9,10.0,1.0,0.7046259121179256,0.7706422018348624,10.0,1.0,45.539309438439055
353900,4.666666666666667,14.0,44.02978835978836,778.1,42.0,3115.4999999999995,9.0,0.9,0.9819805060619656,0.9047619047619048,8.0,0.9,37.911488496137316
353910,8.3,14.0,17.32112087912088,66.2,83.0,1578.7,10.0,1.0,0.49202933801740645,0.963855421686747,10.0,1.0,39.29381046627588
353920,5.3,24.0,39.415416666666665,347.0,53.0,3652.3999999999996,10.0,1.0,1.3164049366365427,0.8490566037735849,10.0,1.0,40.63635081605664
353930,17.2,34.0,29.605298909037298,252.8,172.0,5574.1,10.0,1.0,0.5514238525202712,0.7441860465116279,10.0,1.0,48.21662369646925
353940,4.0,8.0,21.003690476190478,146.1,40.0,906.5,10.0,1.0,0.6123724356957946,0.85,10.0,1.0,36.57755950874559
353950,14.6,35.0,63.846143344155834,559.4,146.0,12181.6,10.0,1.0,0.8622765086085911,0.9246575342465754,10.0,1.0,51.882753578869576
353960,10.2,34.0,62.14245794728148,425.9,102.0,7183.0,10.0,1.0,0.9888523854007621,0.8235294117647058,10.0,1.0,48.19599720361221
353970,2.0,4.0,25.20625,84.6,8.0,290.4,4.0,0.4,0.7071067811865476,0.875,2.0,0.4,17.72702914143981
353980,1.0,1.0,11.0,11.0,1.0,11.0,1.0,0.1,,1.0,1.0,0.1,5.5976882001912225
353990,2.142857142857143,4.0,51.10595238095238,275.3,15.0,903.3000000000001,7.0,0.7,0.5669933698743588,0.8,4.0,0.7,31.13218389427991
354000,3.0,6.0,44.670370370370364,318.7,27.0,1392.3,9.0,0.9,0.6871842709362768,0.5555555555555556,7.0,0.9,36.72821762874116
354010,3.0,9.0,100.04444444444445,632.5,15.0,1608.2,5.0,0.5,1.1547005383792515,0.7333333333333333,3.0,0.5,33.910214748427705
354020,18.0,31.0,70.44247187739633,515.5,180.0,12474.4,10.0,1.0,0.3657114381135463,0.8888888888888888,10.0,1.0,55.60710199911172
354025,2.75,7.0,67.71863095238095,636.2,22.0,2447.5,8.0,0.8,0.7955009262916132,0.8636363636363636,4.0,0.8,37.35660172385923
354030,5.125,25.0,88.94558333333333,635.0,41.0,5816.6,8.0,0.8,1.5901028132619082,0.8048780487804879,4.0,0.8,42.71392860516253
354040,4.875,13.0,72.76741529304029,984.5,39.0,4666.900000000001,8.0,0.8,0.8163815409016634,0.9487179487179487,4.0,0.8,39.837879702560905
354050,2.25,5.0,15.588125,49.2,18.0,304.6,8.0,0.8,0.7027283689263065,0.8888888888888888,5.0,0.8,28.325598151958538
354060,7.1,13.0,27.04725641025641,108.8,71.0,1842.9,10.0,1.0,0.6383940816302363,0.8309859154929577,10.0,1.0,39.97814183368176
354070,11.0,23.0,37.14589071797767,432.0,110.0,4589.9,10.0,1.0,0.5875975584747066,0.5636363636363636,10.0,1.0,44.670081453967505
354075,1.0,1.0,26.7,39.0,2.0,53.4,2.0,0.2,0.0,0.5,1.0,0.2,11.20102481916997
354080,3.625,7.0,32.24377976190476,177.9,29.0,1235.3999999999999,8.0,0.8,0.6068517672683543,0.7241379310344828,8.0,0.8,32.1512289554177
354085,1.5,2.0,43.325,82.0,3.0,132.8,2.0,0.2,0.47140452079103173,1.0,2.0,0.2,14.344589931121543
354090,3.5555555555555554,9.0,44.60049382716049,469.5,32.0,1941.2,9.0,0.9,0.6306386272065803,0.78125,7.0,0.9,37.14646108378339
354100,4.5,9.0,17.938769841269842,48.0,45.0,939.9000000000001,10.0,1.0,0.6040557937148182,0.022222222222222223,10.0,1.0,36.456188861864405
354105,3.4285714285714284,9.0,34.32738095238095,202.7,24.0,964.1999999999999,7.0,0.7,0.904592193774099,0.9166666666666666,4.0,0.7,29.34475105996753
354110,1.3333333333333333,2.0,15.716666666666669,31.9,4.0,69.0,3.0,0.3,0.4330127018922193,0.75,2.0,0.3,12.637692766917025
354120,2.0,7.0,64.06339285714286,458.3,16.0,2102.0,8.0,0.8,1.0350983390135313,1.0,3.0,0.8,36.17022805283398
354130,8.1,27.0,35.41597692612398,491.5,81.0,4856.9,10.0,1.0,1.0204599694943346,0.7530864197530864,10.0,1.0,42.139517534776836
354140,5.0,12.0,31.307447089947093,277.4,45.0,1737.2,9.0,0.9,0.7280109889280518,0.8,5.0,0.9,36.05979828835534
354150,5.375,12.0,52.866875,408.4,43.0,2371.4,8.0,0.8,0.8779317283259155,0.6976744186046512,5.0,0.8,36.924866688852894
354160,17.1,32.0,58.56534564441631,637.0,171.0,12747.6,10.0,1.0,0.6555332681511057,0.8245614035087719,10.0,1.0,52.94134025443895
354165,2.8,5.0,37.37133333333333,102.3,14.0,516.1999999999999,5.0,0.5,0.46565731465733207,0.7857142857142857,3.0,0.5,23.36316980780818
354170,4.666666666666667,8.0,84.73974867724867,1191.6,42.0,5048.3,9.0,0.9,0.40089186286863654,0.7380952380952381,7.0,0.9,44.661917187323056
354180,2.2,7.0,55.00857142857143,205.8,11.0,739.1000000000001,5.0,0.5,1.2196734422726125,0.8181818181818182,2.0,0.5,25.823518000829758
354190,5.833333333333333,12.0,25.702380952380953,199.4,35.0,1159.3,6.0,0.6,0.59795570104161,0.8571428571428571,3.0,0.6,26.77512489244066
354200,3.2,6.0,100.02866666666668,503.6,16.0,2447.3,5.0,0.5,0.6774838558962124,0.6875,2.0,0.5,34.06233739302594
354210,3.8333333333333335,8.0,23.50565476190476,147.1,23.0,767.0,6.0,0.6,0.7811580758774158,0.8695652173913043,2.0,0.6,24.863480204414653
354220,6.2,15.0,47.09232142857143,350.8,62.0,3847.6,10.0,1.0,0.6876678260352466,0.7903225806451613,10.0,1.0,42.605641836941444
354230,3.625,6.0,20.528541666666666,81.1,29.0,640.5,8.0,0.8,0.3883823319098921,0.7586206896551724,5.0,0.8,30.20863606794075
354240,2.5,4.0,23.683333333333334,119.8,15.0,425.2,6.0,0.6,0.5513619500836089,0.8,3.0,0.6,23.861349921129722
354250,6.0,16.0,57.36631944444444,488.9,60.0,3936.4,10.0,1.0,0.7243558228002943,0.7833333333333333,10.0,1.0,44.15451284784526
354260,4.8,10.0,12.3915,40.2,48.0,607.0,10.0,1.0,0.6117420984873677,0.7083333333333334,10.0,1.0,35.76846210180942
354270,7.0,36.0,48.40694885361552,866.7,63.0,6074.0,9.0,0.9,1.5762911779081363,0.8412698412698413,9.0,0.9,40.442585739063716
354280,4.666666666666667,9.0,12.802376543209878,83.4,42.0,600.0,9.0,0.9,0.6060915267313265,0.5714285714285714,8.0,0.9,32.73343341982977
354290,8.333333333333334,15.0,44.90406636573303,310.6,75.0,3219.8,9.0,0.9,0.6148170459575758,0.8933333333333333,7.0,0.9,40.89333862608904
354300,4.555555555555555,9.0,12.603880070546738,52.9,41.0,494.0,9.0,0.9,0.6121902633176163,0.975609756097561,5.0,0.9,32.61455316393144
354310,4.0,8.0,34.92130952380952,170.7,28.0,962.4,7.0,0.7,0.6454972243679028,0.9285714285714286,4.0,0.7,29.885345961972515
354320,1.75,3.0,24.833333333333336,102.9,7.0,226.4,4.0,0.4,0.5471012044321932,0.8571428571428571,2.0,0.4,17.471769389992687
354323,1.75,3.0,24.875,48.5,7.0,171.2,4.0,0.4,0.5471012044321932,0.42857142857142855,2.0,0.4,17.478678457452823
354325,1.3333333333333333,2.0,34.61666666666667,105.6,8.0,253.39999999999998,6.0,0.6,0.38729833462074176,1.0,4.0,0.6,24.771645766834116
354330,1.75,3.0,11.325,25.5,7.0,86.3,4.0,0.4,0.5471012044321932,1.0,2.0,0.4,15.231849719417024
354340,21.0,41.0,62.04593102244354,2016.4,210.0,16975.1,10.0,1.0,0.7325702069342429,0.9047619047619048,10.0,1.0,56.53589075849123
354350,1.6666666666666667,2.0,10.683333333333335,16.1,5.0,54.50000000000001,3.0,0.3,0.3464101615137755,0.8,2.0,0.3,12.060975547971312
354360,5.833333333333333,10.0,62.14541666666667,533.2,35.0,2953.5,6.0,0.6,0.5779626426738415,0.9714285714285714,3.0,0.6,32.818022305291
354370,17.2,54.0,84.40752218152218,1482.6,172.0,19536.8,10.0,1.0,0.9248877460036813,0.8546511627906976,10.0,1.0,57.3037978777883
354380,3.4444444444444446,10.0,71.16952380952381,442.6,31.0,3604.7000000000003,9.0,0.9,0.9078224051271153,0.9032258064516129,6.0,0.9,41.46610833233429
354390,13.7,31.0,36.170107974910394,340.2,137.0,5120.9,10.0,1.0,0.6126847274795354,0.8686131386861314,10.0,1.0,46.597254337740914
354400,8.5,17.0,29.043757352941174,440.9,85.0,2571.1,10.0,1.0,0.6752617787342182,0.9294117647058824,10.0,1.0,41.392369013417245
354410,0.0,0.0,0.0,0.0,0.0,0.0,0.0,0.0,,0.0,0.0,,0.0
354420,10.0,25.0,61.75996161616162,534.2,100.0,7361.0,10.0,1.0,0.7644896627453144,0.77,10.0,1.0,47.97783369455001
354425,4.4,9.0,60.77000793650793,431.3,44.0,2634.8,10.0,1.0,0.6265476705495555,0.6136363636363636,10.0,1.0,43.48099334441901
354430,5.333333333333333,11.0,12.82273569023569,30.8,48.0,620.3,9.0,0.9,0.7322109071162488,0.8333333333333334,5.0,0.9,33.252605585592455
354440,5.0,14.0,97.93611111111112,957.0,30.0,6483.3,6.0,0.6,0.9633275663033837,0.8666666666666667,3.0,0.6,38.10800471637623
354450,1.6,3.0,51.93333333333332,295.8,8.0,516.8,5.0,0.5,0.5590169943749473,0.75,2.0,0.5,24.84937270745693
354460,4.666666666666667,14.0,39.32931216931217,368.8,42.0,2008.3999999999999,9.0,0.9,0.9462600928208408,0.6428571428571429,9.0,0.9,37.13206672586315
354470,2.0,2.0,38.925,54.1,4.0,155.7,2.0,0.2,0.0,1.0,1.0,0.2,14.001839602689154
354480,3.4285714285714284,6.0,85.70857142857143,348.3,24.0,1957.3000000000002,7.0,0.7,0.4720179296657342,0.9583333333333334,4.0,0.7,37.86465772833624
354490,7.6,20.0,68.57713095238095,505.5,76.0,4695.2,10.0,1.0,0.799642117549356,0.868421052631579,10.0,1.0,47.25137394477883
354500,2.3,5.0,14.238999999999999,61.1,23.0,383.7,10.0,1.0,0.6165810836574681,0.9565217391304348,10.0,1.0,34.14057417620262
354510,4.6,11.0,43.70569696969697,118.5,23.0,1168.2,5.0,0.5,0.8363210461596238,0.8260869565217391,2.0,0.5,25.806168807432233
354515,1.6666666666666667,2.0,12.85,20.1,5.0,68.0,3.0,0.3,0.3464101615137754,1.0,2.0,0.3,12.420247055898313
354520,4.1,8.0,25.93547619047619,103.7,41.0,1076.3,10.0,1.0,0.4663294438926825,0.8292682926829268,10.0,1.0,37.47270591259144
354530,6.3,17.0,24.5265,127.6,63.0,1800.4,10.0,1.0,0.8467261743324768,0.7936507936507936,10.0,1.0,38.94120049497254
354540,2.5714285714285716,4.0,39.721428571428575,132.8,18.0,706.1,7.0,0.7,0.3795166950355407,0.8333333333333334,4.0,0.7,29.576012572550393
354550,8.4,19.0,59.97394715956558,793.5,84.0,6345.099999999999,10.0,1.0,0.7147264953917095,0.8571428571428571,10.0,1.0,46.4437700046354
354560,6.888888888888889,10.0,55.848544973544975,668.0,62.0,3978.8,9.0,0.9,0.42597137568529864,0.8225806451612904,5.0,0.9,41.59056744613893
354570,2.1666666666666665,4.0,30.1125,124.8,13.0,610.7,6.0,0.6,0.6793662204867574,0.5384615384615384,4.0,0.6,24.669520899989944
354580,12.8,28.0,24.98291388676683,193.6,128.0,3582.6000000000004,10.0,1.0,0.6258674535749916,0.9296875,10.0,1.0,44.04589549862632
354600,3.857142857142857,9.0,32.07134920634921,145.1,27.0,734.8000000000001,7.0,0.7,0.7398142353865991,0.9259259259259259,3.0,0.7,29.302244557661318
354610,1.0,1.0,30.5,60.9,3.0,91.5,3.0,0.3,0.0,0.6666666666666666,2.0,0.3,14.831131771534253
354620,3.0,7.0,46.86626984126983,322.9,18.0,1013.0999999999999,6.0,0.6,0.760116950066092,0.5,3.0,0.6,28.092336450664014
354625,4.444444444444445,16.0,40.53916666666667,308.9,40.0,1590.7,9.0,0.9,1.0499999999999998,0.725,8.0,0.9,37.16074983117751
354630,8.333333333333334,16.0,52.282925407925404,381.6,75.0,4383.3,9.0,0.9,0.5299056519796708,0.92,8.0,0.9,42.116883463721
354640,9.3,15.0,36.76515501165501,292.8,93.0,3822.5,10.0,1.0,0.461934727422184,0.6774193548387096,10.0,1.0,43.2916683014437
354650,6.0,12.0,91.27907407407407,1017.2,36.0,4968.7,6.0,0.6,0.8096638534327413,0.9166666666666666,4.0,0.6,37.777845075727804
354660,1.8333333333333333,3.0,24.391666666666666,42.7,11.0,254.20000000000002,6.0,0.6,0.4106032651140442,0.6363636363636364,3.0,0.6,23.4630078074749
354670,6.7,11.0,44.55758333333333,435.5,67.0,3338.2,10.0,1.0,0.5360682088378499,1.0,10.0,1.0,42.57218479644872
354680,9.88888888888889,25.0,17.086909251242584,152.0,89.0,2001.3,9.0,0.9,0.8345675327959515,0.9213483146067416,5.0,0.9,37.484288472592645
354690,5.444444444444445,18.0,85.14303350970017,328.4,49.0,4002.9,9.0,0.9,1.1289238110970883,0.8979591836734694,9.0,0.9,45.33055122192637
354700,3.7142857142857144,10.0,33.86976190476191,217.2,26.0,890.9000000000001,7.0,0.7,0.8473185457363234,0.5769230769230769,3.0,0.7,29.489925299266982
354710,3.6,10.0,82.60600000000001,366.1,18.0,2104.3,5.0,0.5,1.0130323627116926,1.0,2.0,0.5,31.482830045261657
354720,2.75,4.0,36.21875,80.3,11.0,293.2,4.0,0.4,0.4575657233497425,0.6363636363636364,1.0,0.4,20.133366464190157
354730,6.777777777777778,12.0,13.016869488536155,45.3,61.0,821.1,9.0,0.9,0.4534202192111257,0.9672131147540983,5.0,0.9,34.40235495416953
354740,2.4444444444444446,5.0,21.281111111111112,58.9,22.0,560.8,9.0,0.9,0.6174126230548238,0.45454545454545453,5.0,0.9,32.420036130121666
354750,16.2,32.0,40.29809722222222,521.3,162.0,6908.8,10.0,1.0,0.5130022071521785,0.6419753086419753,10.0,1.0,49.21598366295539
354760,6.555555555555555,16.0,70.96042508417509,1225.0,59.0,5777.0,9.0,0.9,0.7744854005963296,0.9152542372881356,6.0,0.9,43.83848529511184
354765,2.0,4.0,21.30833333333333,49.8,10.0,210.7,5.0,0.5,0.7071067811865476,0.7,2.0,0.5,20.08068588054421
354770,2.7777777777777777,7.0,37.50079365079365,289.8,25.0,1022.2,9.0,0.9,0.8400000000000001,0.64,8.0,0.9,35.36744340072747
354780,1.1666666666666667,2.0,22.616666666666664,53.4,7.0,149.5,6.0,0.6,0.34992710611188255,1.0,2.0,0.6,22.65288527319605
354790,6.555555555555555,22.0,48.74377995642701,572.7,59.0,3365.7,9.0,0.9,1.154472461668752,0.9322033898305084,6.0,0.9,40.15457409690022
354800,7.6,21.0,32.640720238095234,213.1,76.0,2318.0,10.0,1.0,0.8068268271976786,0.881578947368421,10.0,1.0,41.29248388317627
354805,18.4,39.0,59.488911256922144,1244.4,184.0,13527.8,10.0,1.0,0.5214119344405358,0.8043478260869565,10.0,1.0,54.10028641326525
354810,2.2,5.0,17.564,36.7,11.0,186.6,5.0,0.5,0.7468943965979536,0.9090909090909091,3.0,0.5,19.6145483204498
354820,1.5,2.0,12.55,14.4,3.0,39.0,2.0,0.2,0.47140452079103173,0.3333333333333333,1.0,0.2,9.241552705066066
354830,1.5,2.0,24.1,54.7,3.0,84.3,2.0,0.2,0.47140452079103173,0.6666666666666666,1.0,0.2,11.1567462050154
354840,1.0,1.0,16.566666666666666,28.1,3.0,49.7,3.0,0.3,0.0,0.3333333333333333,1.0,0.3,12.520739612865217
354850,2.5,4.0,53.05,116.8,5.0,280.7,2.0,0.2,0.8485281374238569,0.0,1.0,0.2,16.730860667032644
354860,1.6666666666666667,2.0,15.666666666666666,30.7,5.0,78.5,3.0,0.3,0.3464101615137754,1.0,1.0,0.3,12.887300016203419
354870,2.625,4.0,9.362499999999999,44.4,21.0,221.0,8.0,0.8,0.4524704530153984,0.5238095238095238,4.0,0.8,27.58341523392089
354880,1.0,1.0,10.6,10.7,2.0,21.2,2.0,0.2,0.0,0.5,1.0,0.2,8.531361152573929
354890,23.9,89.0,59.23369923091932,3505.4,239.0,26130.0,10.0,1.0,1.035549591573808,0.8744769874476988,10.0,1.0,58.313286911698434
354900,1.2,2.0,16.71,34.8,6.0,107.6,5.0,0.5,0.37267799624996495,0.5,3.0,0.5,18.699245683071215
354910,11.1,30.0,73.55554166666667,912.3,111.0,9016.3,10.0,1.0,0.7349079120466308,0.9369369369369369,10.0,1.0,50.78481252354584
354920,3.5,5.0,46.66861111111111,294.3,21.0,1046.6,6.0,0.6,0.3938299643454349,0.6666666666666666,4.0,0.6,28.446408346003814
354925,4.0,8.0,43.4827380952381,210.1,28.0,1478.0,7.0,0.7,0.5951190357119042,0.7142857142857143,3.0,0.7,31.304981663295507
354930,3.0,5.0,61.04625,311.0,12.0,1087.2,4.0,0.4,0.6085806194501846,0.8333333333333334,2.0,0.4,24.44362699866492
354940,23.666666666666668,57.0,141.9133251513209,1106.2,213.0,25552.4,9.0,0.9,0.8225882676309204,0.8826291079812206,5.0,0.9,68.84249693403756
354950,11.571428571428571,35.0,61.66210194567338,501.4,81.0,5567.8,7.0,0.7,0.9359132153759984,0.9629629629629629,5.0,0.7,40.177412308113915
354960,7.6,26.0,23.129051282051282,121.5,76.0,1923.1,10.0,1.0,0.9308170803426183,0.9605263157894737,10.0,1.0,39.71528158375763
354970,12.5,35.0,25.233096129360835,264.9,125.0,3654.4999999999995,10.0,1.0,0.9092121131323904,0.984,10.0,1.0,43.855271805205454
354980,14.1,33.0,32.476678359683795,243.6,141.0,4931.1,10.0,1.0,0.5775777067675592,0.900709219858156,10.0,1.0,46.29429638912654
354990,7.8,15.0,23.447585081585082,100.2,78.0,1400.2,10.0,1.0,0.6805480081160472,0.8333333333333334,10.0,1.0,39.922838978124254
354995,1.5,2.0,8.966666666666667,19.9,9.0,86.89999999999999,6.0,0.6,0.3651483716701107,0.7777777777777778,4.0,0.6,20.64737290349448
355000,5.25,13.0,17.75710372960373,65.1,42.0,796.1,8.0,0.8,0.8255712357158131,0.9285714285714286,5.0,0.8,31.00633621280384
355010,4.666666666666667,9.0,24.25132275132275,142.6,42.0,1235.3,9.0,0.9,0.596546181731788,0.8333333333333334,5.0,0.9,34.63187042061309
355020,3.4,8.0,16.910583333333335,80.5,34.0,510.70000000000005,10.0,1.0,0.6383851214156748,0.8529411764705882,10.0,1.0,35.434633593398765
355030,7.8,23.0,12.229310041407867,46.1,78.0,1008.6,10.0,1.0,0.7758499636177926,0.9102564102564102,10.0,1.0,38.062651321189946
355040,5.5,10.0,29.454547619047617,192.9,55.0,1529.2,10.0,1.0,0.46354722850843494,0.7636363636363637,10.0,1.0,39.13940210512216
355050,4.5,6.0,65.82777777777778,579.3,27.0,2203.5,6.0,0.6,0.39126259692575577,0.8148148148148148,4.0,0.6,32.39703013623861
355060,9.5,17.0,17.927469060351413,104.7,95.0,1704.3,10.0,1.0,0.4554650872191989,0.9894736842105263,10.0,1.0,40.322786946857526
355070,1.4,3.0,11.813333333333334,25.6,7.0,94.4,5.0,0.5,0.6388765649999399,0.42857142857142855,2.0,0.5,18.042030953299317
355080,3.4,9.0,22.899111111111115,102.9,17.0,482.70000000000005,5.0,0.5,1.0522672835293128,1.0,3.0,0.5,21.427637011084137
355090,16.2,35.0,81.68393306693306,2006.1,162.0,12718.4,10.0,1.0,0.5348211225114314,0.8209876543209876,10.0,1.0,56.0784844248394
355100,1.0,1.0,45.075,46.7,4.0,180.3,4.0,0.4,0.0,0.0,3.0,0.4,20.247923569089362
355110,2.8,6.0,14.103333333333333,78.2,14.0,281.3,5.0,0.5,0.6869780022025481,0.8571428571428571,2.0,0.5,19.504925447910253
355120,1.3333333333333333,2.0,16.349999999999998,25.6,4.0,65.69999999999999,3.0,0.3,0.4330127018922193,1.0,2.0,0.3,12.742710592311072
355130,4.25,13.0,33.54807692307692,199.6,17.0,904.0000000000001,4.0,0.4,1.3770235189081912,0.5294117647058824,2.0,0.4,20.851063399405405
355140,9.7,24.0,65.34691729323308,450.4,97.0,7114.3,10.0,1.0,0.7241814524776959,0.9484536082474226,10.0,1.0,48.340505827320904
355150,5.1,12.0,60.59433333333334,477.3,51.0,3539.4,10.0,1.0,0.616253572095329,0.8627450980392157,10.0,1.0,43.993449473495204
355160,9.666666666666666,26.0,17.578179043179045,96.2,87.0,1914.5,9.0,0.9,0.9238226430771596,0.9885057471264368,6.0,0.9,37.39381757297371
355170,15.2,30.0,59.137135809451976,566.6,152.0,10779.2,10.0,1.0,0.5825248321362805,0.8552631578947368,10.0,1.0,51.56613379583774
355180,1.5,3.0,9.661111111111111,18.8,9.0,85.6,6.0,0.6,0.5577733510227171,0.7777777777777778,5.0,0.6,20.76252402783006
355190,5.0,10.0,43.75136054421768,350.0,35.0,2053.2,7.0,0.7,0.6324555320336759,0.7714285714285715,4.0,0.7,32.12321838892253
355200,10.6,26.0,23.599027777777778,141.4,106.0,2682.2,10.0,1.0,0.6614247459187373,0.9433962264150944,10.0,1.0,42.114295139432286
355210,3.111111111111111,7.0,17.2994708994709,53.9,28.0,522.3,9.0,0.9,0.6315978279938355,0.8928571428571429,6.0,0.9,32.275606290817805
355220,16.5,35.0,21.064342797725153,104.0,165.0,3395.0,10.0,1.0,0.5722915343117291,0.8606060606060606,10.0,1.0,46.25879661623775
355230,4.222222222222222,16.0,25.752314814814813,425.5,38.0,2340.3,9.0,0.9,1.1406460481684122,0.6052631578947368,9.0,0.9,34.53689717713272
355240,6.0,13.0,18.538519230769232,144.7,60.0,1430.0,10.0,1.0,0.6758625033664688,0.85,10.0,1.0,37.71617946372733
355250,5.4,9.0,14.318599206349205,67.4,54.0,792.0,10.0,1.0,0.47172773270476054,0.9629629629629629,10.0,1.0,36.55222573829574
355255,5.8,9.0,180.92166666666668,1175.5,29.0,4027.9,5.0,0.5,0.4937179676991846,0.6896551724137931,2.0,0.5,49.48742746615087
355260,7.7,21.0,36.67568253968254,246.0,77.0,3408.0,10.0,1.0,0.8395367017903639,0.7792207792207793,10.0,1.0,42.03892116402624
355270,16.2,33.0,63.503183372183365,1399.8,162.0,10639.199999999999,10.0,1.0,0.572297648269711,0.7345679012345679,10.0,1.0,53.06379579803504
355280,1.0,1.0,5.7,5.7,1.0,5.7,1.0,0.1,,1.0,1.0,0.1,4.718854819262091
355290,4.444444444444445,20.0,40.13481481481482,733.6,40.0,2877.4,9.0,0.9,1.341116605668575,0.7,7.0,0.9,37.09370116984772
355300,1.25,2.0,7.0,11.5,5.0,34.3,4.0,0.4,0.4,0.8,3.0,0.4,14.12784132169721
355310,2.0,3.0,28.586111111111112,86.6,12.0,429.9,6.0,0.6,0.4472135954999579,0.9166666666666666,3.0,0.6,24.287469663581067
355320,7.0,11.0,55.712216610549945,922.2,63.0,3824.2,9.0,0.9,0.3571428571428571,0.9523809523809523,6.0,0.9,41.653927844991884
355330,20.4,62.0,43.64693885443255,677.8,204.0,12412.7,10.0,1.0,0.9503007251595211,0.8333333333333334,10.0,1.0,53.02079704996716
355340,10.7,26.0,60.47264491064491,535.5,107.0,7328.9,10.0,1.0,0.5213765836592018,0.7757009345794392,10.0,1.0,48.305959976987616
355350,2.888888888888889,7.0,9.55743386243386,35.4,26.0,266.1,9.0,0.9,0.72288254343125,0.9230769230769231,5.0,0.9,30.8199080559661
355360,7.875,21.0,46.48783613445378,316.2,63.0,2892.7,8.0,0.8,0.9464668983525736,0.9841269841269841,5.0,0.8,37.80134562917294
355365,2.6666666666666665,4.0,45.93888888888889,122.6,8.0,427.5,3.0,0.3,0.5728219618694801,1.0,2.0,0.3,18.6806622189556
355370,14.1,44.0,48.08981555944056,662.6,141.0,7800.7,10.0,1.0,0.8096365875901983,0.8368794326241135,10.0,1.0,48.883229625385525
355380,4.142857142857143,10.0,38.89547619047619,504.9,29.0,1609.1999999999998,7.0,0.7,0.7560038460876021,0.896551724137931,4.0,0.7,30.6548605864224
355385,1.5,3.0,14.008333333333333,75.8,6.0,124.30000000000001,4.0,0.4,0.6666666666666666,0.8333333333333334,2.0,0.4,15.48337006617078
355390,3.75,6.0,53.78541666666666,155.2,15.0,873.0,4.0,0.4,0.4554200340426488,1.0,2.0,0.4,23.819923696098602
355395,3.0,7.0,47.743452380952384,320.2,24.0,1622.8000000000002,8.0,0.8,0.7559289460184545,0.6666666666666666,5.0,0.8,34.23778877086047
355400,7.875,19.0,40.705994152046785,190.7,63.0,2089.5,8.0,0.8,0.6802418738556852,0.8253968253968254,3.0,0.8,36.84261435796601
355410,8.2,18.0,22.82705339105339,159.1,82.0,1925.5,10.0,1.0,0.5828763684206479,0.975609756097561,10.0,1.0,40.12942164694569
355420,2.75,7.0,13.503214285714286,39.5,22.0,333.2,8.0,0.8,0.77138921583987,0.8636363636363636,7.0,0.8,28.366730416755786
355430,8.9,24.0,87.58751984126984,1935.5,89.0,8785.2,10.0,1.0,0.786427674630304,0.651685393258427,10.0,1.0,51.40943407535068
355440,5.75,12.0,46.61532738095238,265.5,46.0,2215.6,8.0,0.8,0.5479936645990753,0.8260869565217391,4.0,0.8,36.178385343845406
355450,2.4444444444444446,4.0,34.75092592592593,211.9,22.0,867.2,9.0,0.9,0.46243158975854104,0.6363636363636364,5.0,0.9,34.653568751667514
355460,1.5,2.0,20.0,24.1,3.0,55.900000000000006,2.0,0.2,0.47140452079103173,1.0,1.0,0.2,10.476893966938148
355465,1.0,1.0,17.8,17.8,1.0,17.8,1.0,0.1,,1.0,1.0,0.1,6.7252480096852025
355470,4.2,7.0,15.573809523809524,54.4,21.0,388.1,5.0,0.5,0.6162942431211802,0.7619047619047619,2.0,0.5,20.831928455676714
355475,3.0,7.0,43.457142857142856,232.7,18.0,1049.4,6.0,0.6,0.8164965809277259,0.9444444444444444,2.0,0.6,27.52704313114004
355480,2.4,8.0,11.517916666666666,30.3,24.0,286.4,10.0,1.0,0.8827915878928169,0.875,10.0,1.0,33.766740055722636
355490,2.625,5.0,27.525624999999998,137.3,21.0,598.4,8.0,0.8,0.5363375059708034,0.47619047619047616,5.0,0.8,30.595181375805495
355495,2.4,8.0,18.6,40.9,12.0,214.1,5.0,0.5,1.3043729868748775,1.0,2.0,0.5,19.941074251921723
355500,9.11111111111111,25.0,47.84167388167388,447.3,82.0,5660.8,9.0,0.9,0.8110902174656841,0.8292682926829268,5.0,0.9,41.98220801395582
355510,2.7777777777777777,10.0,22.52425925925926,84.1,25.0,647.4000000000001,9.0,0.9,1.0461357464497616,0.92,7.0,0.9,32.884070126404154
355520,3.3333333333333335,7.0,72.0920634920635,247.8,20.0,1288.7,6.0,0.6,0.6196773353931867,0.9,3.0,0.6,32.53311562255306
355530,2.6,4.0,65.72,250.0,13.0,682.6999999999999,5.0,0.5,0.5160156871153361,0.6153846153846154,2.0,0.5,27.909139339381962
355535,5.75,12.0,52.706250000000004,229.3,23.0,1366.3,4.0,0.4,0.9022830386245438,0.6086956521739131,2.0,0.4,25.188367630312452
355540,1.0,1.0,12.666666666666666,17.6,3.0,38.0,3.0,0.3,0.0,0.3333333333333333,1.0,0.3,11.87405089859661
355550,3.8333333333333335,5.0,22.117777777777775,62.4,23.0,479.79999999999995,6.0,0.6,0.3467374267369893,0.7391304347826086,4.0,0.6,24.633345747381817
355560,5.0,13.0,42.354814814814816,338.4,45.0,2441.9,9.0,0.9,0.8306623862918074,0.7555555555555555,8.0,0.9,37.89164650118796
355570,2.142857142857143,4.0,33.635714285714286,142.6,15.0,653.7,7.0,0.7,0.627753195192246,1.0,4.0,0.7,28.23531060920915
355580,1.5714285714285714,3.0,17.15,28.6,11.0,169.3,7.0,0.7,0.5006882315714638,0.9090909090909091,4.0,0.7,25.059577637716053
355590,1.5,3.0,35.43333333333334,80.3,6.0,206.39999999999998,4.0,0.4,0.6666666666666666,0.8333333333333334,2.0,0.4,19.036012554172032
355600,5.222222222222222,15.0,36.16833333333333,168.8,47.0,1553.5,9.0,0.9,0.8111658527960957,0.8297872340425532,6.0,0.9,37.03775095849935
355610,4.875,10.0,56.15633928571428,652.4,39.0,2601.7,8.0,0.8,0.6147738116456337,0.7948717948717948,6.0,0.8,37.083470629279944
355620,5.6,12.0,15.679924242424244,159.0,56.0,1170.6,10.0,1.0,0.8126689602798102,0.8035714285714286,10.0,1.0,36.93269629266478
355630,15.555555555555555,40.0,103.92541566334135,835.4,140.0,13790.2,9.0,0.9,0.8450033208484438,0.8357142857142857,9.0,0.9,56.26791106117277
355635,2.2,5.0,15.821333333333333,25.6,11.0,160.0,5.0,0.5,0.8131156281817417,1.0,3.0,0.5,19.32558348299713
355640,7.777777777777778,27.0,33.91116549088771,172.2,70.0,2597.3,9.0,0.9,0.9486832980505138,0.8714285714285714,6.0,0.9,38.64069175957966
355645,1.7142857142857142,4.0,11.054761904761905,23.2,12.0,114.7,7.0,0.7,0.731247032282677,1.0,4.0,0.7,24.159407539364302
355650,2.3333333333333335,4.0,12.720833333333333,28.7,14.0,161.7,6.0,0.6,0.5190257749881414,1.0,3.0,0.6,21.91462520724901
355660,2.888888888888889,6.0,25.214074074074073,140.2,26.0,677.9,9.0,0.9,0.657793514480272,0.9230769230769231,6.0,0.9,33.416054858076805
355670,3.0,6.0,14.920625,34.9,24.0,344.1,8.0,0.8,0.6172133998483676,1.0,5.0,0.8,28.79518568428393
355680,8.555555555555555,28.0,144.48850223850226,1810.9,77.0,14918.0,9.0,0.9,1.2398857122833427,0.987012987012987,6.0,0.9,57.57812476310078
355690,2.4,5.0,34.285999999999994,102.6,12.0,479.09999999999997,5.0,0.5,0.6319062870042959,0.75,2.0,0.5,22.542089424233865
355695,1.4,3.0,22.02,64.4,7.0,170.9,5.0,0.5,0.6388765649999399,0.5714285714285714,3.0,0.5,19.73447611833391
355700,7.0,13.0,19.893528693528694,215.3,63.0,1513.2,9.0,0.9,0.47380354147934284,0.9523809523809523,5.0,0.9,35.714558297338826
355710,10.1,26.0,32.18935668498169,408.9,101.0,4673.3,10.0,1.0,0.7356849468732439,0.8118811881188119,10.0,1.0,43.151875830265254
355715,7.125,25.0,54.987125,663.0,57.0,4175.299999999999,8.0,0.8,1.1264040128159785,0.8596491228070176,6.0,0.8,38.63040667938172
355720,4.25,9.0,38.17263888888889,376.6,34.0,1719.6999999999998,8.0,0.8,0.6256978308902953,0.9705882352941176,5.0,0.8,33.61789725369424
355730,5.3,10.0,22.71575,67.2,53.0,1143.8,10.0,1.0,0.5035375824213357,0.8301886792452831,10.0,1.0,37.86725185057434
