"cod_ibge","deng_2010","deng_2011","deng_2012","deng_2013","deng_2014","deng_2015","deng_2016","deng_2017","deng_2018","deng_2019","leiv_2010","leiv_2011","leiv_2012","leiv_2013","leiv_2014","leiv_2015","leiv_2016","leiv_2017","leiv_2018","leiv_2019","lept_2010","lept_2011","lept_2012","lept_2013","lept_2014","lept_2015","lept_2016","lept_2017","lept_2018","lept_2019","ltan_2010","ltan_2011","ltan_2012","ltan_2013","ltan_2014","ltan_2015","ltan_2016","ltan_2017","ltan_2018","ltan_2019","mala_2010","mala_2011","mala_2012","mala_2013","mala_2014","mala_2015","mala_2016","mala_2017","mala_2018","mala_2019"
"350010",250,8,9,419,39,1140,100,7,9,2081,25,19,17,11,11,25,12,16,12,15,3,2,0,2,6,12,5,11,1,3,0,0,1,2,1,0,0,1,0,2,1,0,1,0,0,0,0,0,1,0
"350020",66,3,3,35,3,121,117,1,128,130,0,0,0,0,0,0,0,0,0,0,0,2,0,0,1,0,0,0,1,0,0,0,0,0,0,0,0,0,0,0,0,0,0,1,0,0,0,0,0,0
"350030",329,4,14,445,529,2487,26,6,15,654,0,0,0,0,0,0,0,0,0,0,0,0,3,0,1,3,0,0,2,1,0,1,2,0,0,0,0,0,0,0,0,0,0,0,0,1,0,0,0,0
"350040",1,1,0,2,5,336,2,3,1,29,0,0,0,0,0,0,0,0,0,0,0,0,0,0,0,0,1,0,0,0,0,0,0,0,0,0,0,0,0,0,0,0,0,0,0,0,0,0,0,0
"350050",1,1,0,7,11,165,27,1,2,27,0,0,0,0,0,0,0,0,0,0,3,3,5,0,1,2,1,0,2,4,1,0,0,0,0,0,0,0,1,0,1,0,0,0,0,0,0,0,0,0
"350055",1,1,0,7,7,16,2,0,0,12,0,0,0,0,0,0,0,0,0,0,0,0,1,0,0,0,0,0,0,0,0,0,0,0,0,0,2,0,0,0,0,0,0,0,0,0,0,0,0,0
"350060",2,0,2,15,90,31,6,1,0,8,0,0,0,0,0,0,0,0,0,0,0,0,0,1,1,2,1,0,0,0,0,0,0,0,2,0,0,0,0,0,0,0,0,0,0,0,0,0,0,0
"350070",104,57,2,562,21,776,52,3,39,1693,5,1,2,1,2,0,1,1,0,1,0,2,2,1,0,6,1,1,3,1,0,2,0,0,0,0,1,0,0,0,0,0,0,1,0,0,0,0,0,0
"350080",8,1,0,10,14,33,33,2,1,37,1,0,0,0,0,0,0,0,0,0,1,1,0,0,0,0,0,0,0,1,0,0,0,0,0,0,0,0,0,0,0,0,0,0,0,0,0,0,0,0
"350090",13,0,3,168,4,72,11,3,9,77,0,0,0,0,0,0,0,0,0,0,0,0,0,1,0,0,0,0,0,0,0,0,0,0,0,0,0,0,0,0,0,0,0,0,0,0,0,0,0,0
"350100",18,29,0,14,2,75,26,3,0,22,0,0,0,0,0,0,1,0,0,0,0,0,0,1,1,0,0,1,1,0,0,0,0,0,0,0,1,0,1,0,0,0,0,0,0,0,0,0,0,0
"350110",6,1,10,24,1,68,5,4,0,45,1,0,0,0,0,1,0,0,1,1,0,0,0,0,0,0,0,0,0,0,0,0,0,0,0,0,0,0,1,0,0,0,0,0,0,0,0,0,0,0
"350115",2,1,0,20,9,204,28,1,0,9,0,0,0,0,0,0,1,0,0,0,3,0,1,1,0,1,0,3,2,0,0,0,0,0,1,1,0,3,0,0,0,0,0,0,1,0,1,0,0,0
"350120",13,3,3,23,33,34,24,0,4,61,0,0,0,0,0,0,0,1,0,0,0,0,0,0,0,0,0,0,0,1,0,0,0,0,0,0,0,0,0,0,0,0,0,0,0,0,0,0,0,0
"350130",49,4,45,116,17,354,473,1,1,272,0,0,0,0,1,1,0,0,0,0,1,1,1,1,3,1,0,2,1,0,0,0,0,0,0,1,0,0,0,0,0,0,0,0,0,0,0,0,0,0
"350140",2,1,0,1,1,35,1,2,0,51,0,0,0,0,1,0,0,1,1,0,0,0,1,0,0,2,0,0,1,0,0,0,0,0,0,0,0,0,0,0,0,0,0,0,0,0,0,0,0,0
"350150",12,1,0,1,0,30,3,0,1,2,0,0,0,0,0,0,0,3,0,1,1,0,0,0,0,0,0,0,0,1,0,0,0,1,0,2,1,2,0,1,0,0,0,0,0,0,0,0,0,0
"350160",583,873,171,791,9056,7550,1102,23,21,4867,0,0,0,0,0,0,0,0,0,1,22,29,18,20,27,16,28,12,19,25,1,3,2,0,0,1,1,0,0,1,1,0,1,0,0,1,0,0,1,0
"350170",96,535,24,91,89,755,179,35,45,2729,0,0,0,0,0,0,0,0,0,1,2,1,1,2,1,0,0,5,2,1,0,1,1,0,1,0,0,3,1,0,0,0,0,1,0,0,0,0,2,0
"350180",17,4,2,97,63,69,14,4,5,365,0,0,0,0,1,0,0,0,1,0,1,0,0,0,3,1,0,0,1,0,0,1,0,0,0,0,0,0,0,0,0,0,0,0,0,0,0,0,1,0
"350190",35,33,9,33,274,6754,36,15,26,95,0,0,0,0,0,0,0,0,0,0,10,21,12,17,21,27,28,29,43,62,0,0,2,3,2,0,2,0,1,1,0,0,0,0,0,0,0,0,1,0
"350200",2,0,0,1,4,126,4,0,0,18,0,0,0,0,0,0,0,0,0,0,0,0,0,0,0,0,0,0,0,0,0,0,0,0,0,0,0,0,0,0,0,0,0,0,0,0,0,0,0,0
"350210",791,384,201,3519,52,1864,1428,24,1378,4839,2,6,14,6,25,22,16,11,29,14,0,0,0,0,1,0,1,1,0,0,1,0,0,3,0,2,2,4,1,1,2,1,1,1,0,0,0,0,0,2
"350220",4,0,3,2,1,214,131,4,5,23,0,0,0,0,0,0,1,0,0,0,0,3,1,0,0,1,2,2,1,4,1,0,0,1,3,1,0,0,0,1,0,0,0,0,0,0,0,0,0,0
"350230",1,0,8,1,0,116,3,0,1,7,0,0,0,0,0,0,0,0,0,0,1,1,1,0,0,0,0,1,0,0,0,0,0,0,0,1,0,0,1,0,0,0,0,0,0,0,0,0,0,0
"350240",1,0,0,16,0,102,91,0,0,11,0,0,0,0,0,0,0,0,0,1,1,2,0,0,0,1,0,0,0,0,0,0,0,0,0,0,0,0,0,0,0,0,0,0,0,0,0,0,0,0
"350250",8,57,464,42,107,1537,54,4,3,134,0,0,0,0,0,0,0,0,1,0,5,0,0,2,2,5,2,3,1,5,0,2,1,3,2,1,0,3,2,1,0,0,0,0,0,0,0,0,2,0
"350260",38,62,2,56,51,228,113,1,2,63,0,1,0,0,0,0,0,0,0,0,0,0,0,0,0,0,0,0,0,0,0,1,0,0,1,0,1,0,0,0,0,1,0,1,0,0,0,0,6,0
"350270",2,0,0,4,0,28,7,0,0,5,0,0,0,0,0,1,0,0,0,0,0,0,0,2,2,1,1,0,1,4,1,2,0,1,0,1,1,0,1,4,1,0,1,0,0,0,0,1,0,0
"350275",5,2,0,8,18,235,18,1,0,27,0,0,0,0,0,0,0,0,0,0,5,5,1,2,2,2,3,1,2,2,0,0,1,0,0,0,0,0,0,1,1,0,0,0,0,0,0,1,0,0
"350280",12170,80,574,631,1883,1734,752,111,72,7877,8,13,12,8,20,5,14,18,46,43,2,1,0,0,0,1,2,4,1,2,1,1,3,0,0,1,0,2,3,5,2,2,2,2,1,1,3,0,1,1
"350290",6,5,3,130,48,503,24,4,7,9,0,0,0,0,0,0,0,1,1,1,1,0,3,1,3,4,3,4,3,1,1,0,0,0,0,1,1,1,0,1,0,0,0,0,0,0,0,0,0,0
"350300",90,219,55,202,1,8,26,1,100,259,0,0,0,0,0,0,0,0,0,0,1,0,0,0,0,0,0,0,0,0,0,0,0,0,0,1,0,0,0,0,0,0,0,0,0,0,0,0,0,0
"350320",1345,2613,147,900,1698,5544,1871,115,1206,23315,1,0,0,0,1,0,1,1,0,0,2,4,7,8,3,8,8,10,6,7,2,0,2,2,2,0,3,0,0,1,1,0,3,3,0,0,0,1,1,0
"350330",232,270,12,1307,134,2742,412,29,17,659,0,0,0,0,0,0,0,0,0,0,10,13,6,9,22,19,13,30,44,26,1,0,1,0,0,1,0,0,0,1,1,0,0,0,1,0,0,0,0,0
"350335",11,0,0,32,5,14,5,1,0,36,0,0,0,0,0,0,0,0,0,0,0,0,0,1,0,0,1,0,0,0,0,1,0,0,0,0,0,0,0,0,0,0,0,0,0,0,0,0,0,0
"350340",6,7,0,10,6,360,19,1,0,220,0,0,0,0,0,0,0,0,0,0,0,0,0,1,0,0,0,0,0,0,0,0,0,0,0,0,0,0,0,0,0,0,0,0,0,0,0,0,0,0
"350350",1,2,0,23,5,11,5,1,3,7,0,0,0,0,0,0,0,0,1,0,0,1,0,1,0,0,0,0,0,0,0,0,1,0,0,0,0,0,0,0,0,0,0,0,0,0,0,0,0,0
"350360",2,1,2,0,2,461,2,1,0,13,0,0,0,0,0,0,0,0,0,0,1,0,0,0,0,1,0,0,0,1,0,0,0,0,0,1,0,0,0,0,0,0,0,0,0,0,0,0,0,0
"350370",166,3,2,30,1,221,21,4,5,56,0,0,0,0,0,0,0,0,0,0,0,1,0,2,1,1,1,1,2,0,0,0,0,0,0,1,0,0,0,0,0,0,0,0,0,0,0,0,0,0
"350380",249,33,9,475,111,981,161,14,125,186,0,0,0,0,0,0,0,0,0,0,10,6,2,3,3,6,6,4,6,5,0,1,1,0,1,1,0,0,0,0,0,0,0,0,0,0,0,0,0,0
"350390",348,18,6,24,236,1522,211,117,96,611,0,0,0,0,0,0,0,0,0,0,42,10,13,15,7,4,4,4,18,4,0,1,1,0,0,0,0,1,0,0,2,0,0,0,0,0,0,0,0,0
"350395",2,1,0,8,9,50,8,0,1,21,0,0,1,0,0,0,0,0,0,0,1,0,0,0,0,0,0,0,0,0,0,0,0,0,0,0,0,0,0,0,0,0,0,0,0,0,0,0,0,0
"350400",526,530,7,949,983,4767,134,21,11,2532,0,0,0,0,0,1,0,0,0,2,18,19,28,36,45,40,20,7,13,19,0,0,2,0,2,0,0,2,1,1,1,1,3,0,0,0,0,0,0,0
"350410",59,115,12,62,1362,1015,111,73,155,427,2,1,1,0,0,1,0,0,0,1,24,57,12,26,14,5,7,12,11,16,0,0,2,0,4,11,4,3,3,2,2,1,2,0,0,0,0,0,1,0
"350420",96,7,7,49,60,230,125,8,2,613,1,0,0,1,1,0,0,0,2,1,2,0,0,2,0,1,1,0,0,0,0,0,1,0,0,0,0,0,0,0,0,0,0,0,0,0,1,0,0,0
"350440",173,5,6,157,17,143,29,5,10,167,0,1,0,0,1,2,0,2,0,1,0,0,1,0,0,0,0,0,0,0,0,0,0,0,0,0,0,0,0,1,0,0,0,0,0,0,0,0,0,0
"350450",9,9,0,10,3,267,13,2,2,19,0,0,0,0,0,0,0,0,0,0,1,4,0,0,1,1,0,0,1,1,0,1,1,0,0,0,1,0,0,0,0,1,0,0,0,0,0,0,0,0
"350460",493,24,2,246,41,914,271,31,98,1598,1,0,0,0,1,0,1,2,0,1,2,0,3,5,0,0,2,1,1,3,0,1,0,0,0,0,1,0,0,0,1,0,0,0,2,0,1,1,0,0
"350470",2,0,0,30,0,22,2,0,0,49,0,0,0,0,0,0,0,0,0,0,0,0,0,0,0,0,0,0,1,0,0,0,0,0,0,0,0,0,0,0,0,0,0,0,0,0,0,0,0,0
"350480",171,5,4,164,7,395,93,4,5,444,0,0,0,1,0,0,0,0,1,0,0,0,1,0,0,0,0,2,0,0,0,0,0,0,0,0,0,1,0,1,0,0,0,2,1,0,0,0,0,0
"350490",55,27,0,122,7,397,11,0,1,26,0,0,0,0,1,0,1,0,0,0,0,0,0,1,0,2,0,0,0,1,0,0,0,0,1,0,0,0,0,0,0,0,0,0,1,0,0,0,0,0
"350500",1,0,0,0,6,4,0,0,0,0,0,0,0,0,0,0,0,0,0,0,0,0,0,0,1,0,0,1,0,0,0,0,0,0,1,0,0,0,0,0,0,0,0,0,0,0,0,0,0,0
"350510",55,0,32,133,37,131,9,4,2,201,0,0,0,2,0,0,1,0,2,0,0,0,0,0,0,4,0,0,0,1,0,0,0,0,0,0,0,1,0,0,0,0,0,0,0,0,1,0,0,0
"350520",19,150,2,33,222,121,7,7,1,180,0,0,1,0,0,0,0,0,0,0,1,0,1,0,1,2,1,0,0,2,0,0,0,0,0,0,0,0,0,0,0,0,0,0,0,0,0,0,0,0
"350530",11,9,2,12,79,90,24,0,1,157,0,0,0,0,0,0,0,0,1,0,1,3,0,3,3,1,3,6,6,3,0,0,0,0,0,0,1,0,0,0,0,0,0,0,0,0,0,0,0,0
"350550",1088,1175,397,4334,50,834,1383,13,239,5506,0,0,1,0,0,0,0,0,0,1,3,2,4,5,2,2,2,3,7,2,1,2,1,3,0,0,1,0,0,0,0,3,0,2,2,1,0,1,0,1
"350560",174,126,16,440,28,182,404,34,79,981,0,0,0,0,0,0,0,2,0,0,1,1,2,1,5,1,2,1,1,0,0,0,0,0,3,2,1,0,0,0,0,1,0,1,0,0,0,0,1,0
"350570",207,229,61,243,890,6455,55,5,8,217,1,1,1,0,0,0,0,0,0,1,46,40,41,39,41,36,35,21,25,23,2,5,1,0,1,3,0,0,2,0,3,4,1,0,2,0,0,4,3,0
"350580",48,7,2,34,26,466,92,6,2,364,3,7,15,7,11,5,11,7,11,10,0,0,2,1,5,0,3,0,1,0,0,0,0,1,0,0,0,0,1,1,1,0,1,0,0,0,0,0,0,0
"350590",91,283,5,177,17,597,4260,6,10,575,0,0,0,0,0,0,0,0,0,0,3,2,1,1,2,1,5,2,2,5,3,0,2,0,2,1,1,1,0,1,0,2,2,2,0,0,0,0,0,1
"350600",633,4362,37,7462,410,8558,1400,77,197,26341,44,50,44,32,28,23,17,28,9,9,5,4,5,4,3,6,5,8,12,4,0,1,1,2,1,4,1,2,2,2,1,0,3,1,2,2,0,0,0,2
"350610",513,128,12,917,700,6322,101,11,95,685,0,0,0,0,0,1,0,1,0,3,6,4,2,4,6,8,4,7,6,8,0,1,1,0,4,2,1,0,1,0,1,2,0,0,0,1,0,0,0,1
"350620",18,1,3,28,12,16,19,0,0,23,0,0,0,0,0,0,0,0,1,0,0,0,0,0,0,0,0,0,0,0,0,0,0,0,0,0,0,0,0,0,0,0,0,0,0,0,0,0,0,0
"350635",778,44,25,330,742,557,812,13,15,50,1,0,0,1,0,1,1,0,1,0,10,12,6,13,8,18,16,19,15,17,1,0,0,2,0,4,1,1,0,1,0,0,153,2,127,4,0,2,123,0
"350640",89,2,17,89,47,215,344,4,9,811,0,1,0,1,0,1,2,1,0,0,0,0,0,0,0,0,0,0,0,0,0,0,0,0,0,0,0,0,0,0,0,0,0,0,0,0,0,0,0,0
"350650",730,132,159,367,3871,4588,4792,85,33,7941,14,32,35,29,18,20,4,20,14,16,2,6,2,1,5,4,2,8,3,2,1,4,2,5,2,6,1,5,0,1,0,1,0,1,0,0,0,0,1,1
"350670",28,22,0,128,805,123,41,2,3,443,0,1,0,0,0,0,0,0,0,0,0,0,0,0,0,1,3,0,0,0,0,0,0,0,0,0,0,0,0,0,0,0,0,0,0,0,0,0,0,0
"350680",1,11,0,6,56,81,11,0,2,134,0,0,0,0,0,0,0,0,1,0,0,6,2,0,0,3,0,1,0,1,0,0,0,0,0,0,0,0,0,0,0,0,0,0,0,0,0,0,0,0
"350700",12,11,4,33,3,906,20,2,1,317,0,0,0,0,0,0,0,0,0,0,2,1,1,2,1,0,2,1,0,1,0,0,1,1,1,0,3,5,0,0,0,1,0,2,0,0,0,0,0,0
"350710",2,1,1,6,24,429,8,7,19,23,0,0,0,0,0,0,0,0,0,0,7,4,1,5,1,8,4,4,3,0,0,0,0,1,2,1,0,0,0,0,0,0,0,0,0,0,1,0,0,0
"350720",1,0,0,19,1,37,2,2,1,8,0,0,0,0,0,0,0,0,0,0,0,0,0,0,0,1,0,0,0,0,0,0,0,0,0,0,0,0,0,0,0,0,0,0,0,0,0,0,0,0
"350740",186,101,214,45,12,577,123,1,5,632,0,0,0,0,0,0,0,0,0,0,0,1,3,2,1,0,0,1,1,0,0,1,0,0,0,1,0,0,0,0,0,0,0,0,0,0,0,0,0,0
"350745",1,1,0,2,0,7,0,0,2,78,0,0,0,0,0,1,0,0,0,0,1,0,0,0,1,0,0,0,0,0,0,0,0,0,0,0,0,0,0,0,0,0,0,0,0,0,0,0,0,0
"350750",25,30,6,27,20,751,106,6,6,100,0,0,0,0,0,0,0,1,0,0,25,26,16,10,7,7,6,3,11,9,2,2,2,2,0,1,1,2,1,1,0,3,0,1,0,1,0,2,0,0
"350760",40,21,10,32,298,694,248,5,15,51,0,1,1,0,0,0,0,0,0,0,18,41,19,25,26,36,30,14,18,13,0,3,0,0,4,1,0,0,0,1,3,2,0,2,0,2,0,1,0,1
"350770",14,0,9,5,38,178,20,1,7,90,1,0,1,0,0,2,2,1,1,10,0,0,1,0,0,0,0,0,0,1,0,0,1,0,0,0,1,0,0,0,0,0,0,0,0,0,0,1,0,0
"350775",5,0,1,10,24,18,20,0,10,36,0,0,0,0,0,0,0,1,0,0,0,0,0,0,0,0,0,1,0,0,0,0,0,0,0,1,0,0,0,0,0,0,0,0,0,0,0,0,0,0
"350780",200,148,2,119,13,317,355,6,9,1210,0,0,0,0,0,0,0,0,0,0,0,0,2,2,2,2,2,0,1,2,0,0,0,0,0,1,1,0,0,0,0,0,0,0,0,2,0,0,0,0
"350790",109,13,258,7,219,266,17,4,7,266,0,0,0,0,0,1,0,0,0,0,0,0,1,0,0,1,0,0,1,0,0,1,0,0,0,0,0,0,0,0,0,0,0,0,0,0,0,0,0,0
"350810",100,10,70,302,1566,823,589,9,1,723,0,1,0,3,0,3,2,0,4,1,0,0,0,0,0,1,1,1,1,2,0,0,1,0,0,0,0,0,0,0,0,0,1,2,0,0,0,0,0,0
"350820",8,15,6,84,0,2,89,1,22,173,0,0,0,0,0,0,0,0,1,0,0,0,0,0,0,0,0,0,0,0,0,0,0,0,0,0,0,0,0,0,0,0,0,0,0,0,0,0,0,0
"350830",1,1,0,9,0,104,4,0,0,30,0,0,0,0,0,0,0,0,0,0,0,0,0,0,0,0,0,0,0,0,0,0,0,0,0,0,0,0,0,0,0,0,0,0,0,0,0,0,0,0
"350840",8,3,6,6,22,264,112,14,26,104,0,0,0,0,0,1,0,0,0,0,0,0,3,1,1,1,0,5,2,0,1,0,4,3,2,3,1,3,2,1,0,1,0,0,0,1,0,0,0,5
"350850",346,73,31,66,301,1226,60,33,35,1054,0,0,0,1,0,0,0,0,0,0,3,3,4,3,6,3,6,3,11,11,0,0,0,0,0,0,0,0,0,0,1,1,1,1,3,0,0,1,0,1
"350860",148,460,41,363,21,465,49,14,36,150,1,0,0,0,0,1,0,0,0,0,1,5,0,1,2,3,2,8,5,11,1,3,1,0,0,0,1,0,0,0,0,0,0,0,0,1,0,0,0,0
"350880",28,16,2,45,29,226,48,2,1,278,0,0,0,0,1,0,1,0,1,0,0,1,0,0,0,1,2,0,0,0,0,0,0,0,0,0,0,0,0,0,0,0,0,0,0,0,0,0,0,0
"350890",1,0,0,8,2,25,43,1,1,95,0,0,0,0,0,0,1,1,0,0,0,0,0,0,0,0,0,1,0,0,0,0,0,0,0,0,0,0,0,0,0,0,0,0,0,0,0,0,0,0
"350900",27,48,16,127,232,524,77,26,21,117,0,0,1,0,0,0,0,0,0,0,7,5,6,4,6,2,4,5,8,4,2,0,0,0,0,1,1,1,0,0,0,1,1,0,0,0,0,0,0,0
"350920",19,64,14,55,257,3396,300,37,23,472,1,0,0,0,0,0,0,0,0,1,6,11,5,9,10,6,5,3,2,2,1,0,1,1,0,0,0,1,1,1,0,0,2,2,0,0,0,0,0,0
"350925",143,197,2,510,5,37,42,12,1,31,0,0,0,0,0,0,0,0,0,0,9,2,4,4,5,4,6,7,6,6,1,2,4,3,2,3,6,1,0,0,0,1,0,0,0,0,0,0,0,0
"350930",9,177,12,119,93,169,67,3,4,323,0,0,0,1,0,0,0,1,0,0,0,0,0,0,1,1,1,0,0,1,0,0,0,0,0,0,0,0,0,0,0,0,0,0,0,0,0,2,0,0
"350940",277,37,2,42,4,887,28,11,6,54,0,0,0,0,0,0,0,0,0,0,1,0,0,0,1,0,0,1,0,0,0,2,1,0,2,0,0,0,1,0,0,0,0,0,0,0,0,0,0,0
"350950",2911,3362,1136,7281,42780,66758,3506,177,316,26363,3,4,6,0,4,2,5,1,2,3,338,450,335,296,345,419,233,176,131,195,11,8,8,12,6,4,8,3,10,6,8,10,9,7,7,1,5,6,9,2
"350960",17,15,14,127,1107,1024,25,7,15,200,0,0,1,0,0,0,0,0,2,0,11,16,4,5,4,2,5,1,9,7,2,1,0,1,1,0,2,1,1,0,0,0,1,0,0,0,0,0,0,0
"350970",3,4,5,2,9,11,30,7,0,12,0,0,0,0,0,0,0,0,0,0,2,1,0,2,0,0,5,2,3,9,1,0,2,0,0,0,0,0,0,0,0,1,0,0,0,0,0,0,0,0
"350980",8,3,0,5,4,32,4,0,0,182,0,1,0,1,0,0,0,0,1,1,0,0,1,1,2,0,0,0,2,1,0,0,0,0,0,0,0,0,0,0,0,1,0,0,0,0,0,0,0,0
"350990",2,1,1,240,20,186,31,2,2,62,0,0,0,1,0,0,0,0,0,0,1,2,0,4,7,3,0,2,5,7,0,0,0,0,0,0,0,1,0,0,0,0,0,0,0,0,0,0,1,0
"351000",59,48,5,84,114,4341,52,10,3,238,0,0,0,0,0,0,0,0,0,0,40,19,19,26,19,7,3,6,12,9,0,0,0,0,0,0,0,0,0,0,2,4,2,2,2,0,0,0,0,0
"351010",33,22,3,9,0,33,75,1,5,39,0,0,0,0,0,0,0,0,0,0,0,0,0,0,0,2,0,0,0,0,0,0,0,0,0,0,0,0,0,2,0,0,0,0,0,0,0,0,0,0
"351015",2,1,0,2,12,26,2,1,0,45,0,0,0,0,0,0,0,0,0,0,0,4,0,0,0,0,0,0,0,0,0,0,0,0,0,0,0,0,0,0,0,0,0,0,0,0,0,0,0,0
"351020",4,3,2,3,21,115,12,2,1,12,0,0,0,0,0,0,0,0,0,2,1,1,4,2,8,2,2,5,7,2,0,0,0,0,0,0,0,1,0,0,1,0,0,0,0,0,0,1,0,0
"351030",2,2,2,13,7,68,46,2,1,41,0,0,0,0,0,0,0,1,0,0,1,0,1,1,1,0,3,1,1,4,0,0,0,2,0,0,0,0,0,0,0,0,0,0,0,0,0,1,0,0
"351040",91,40,13,140,34,1226,312,9,0,337,0,0,0,0,1,1,0,1,1,0,30,5,2,0,7,6,2,2,3,3,1,1,1,0,0,1,0,0,0,1,0,0,0,0,0,0,0,0,0,0
"351050",3817,1016,186,1742,2596,5735,168,24,31,3466,0,0,0,0,0,0,0,0,0,0,3,9,5,7,3,8,8,7,7,2,0,0,0,0,1,3,3,3,2,1,3,0,5,0,0,3,1,4,9,6
"351060",242,390,61,292,3250,2469,131,17,8,2397,0,1,2,0,0,0,3,0,1,0,38,56,44,60,31,34,23,29,13,43,2,1,1,4,0,0,1,1,0,0,0,2,3,3,2,0,1,1,0,0
"351070",155,75,25,75,87,57,9,8,10,526,0,0,1,0,0,1,0,0,0,2,1,1,1,0,0,0,0,0,0,0,0,0,0,0,0,0,1,0,0,0,1,0,0,0,0,0,0,0,0,0
"351080",51,10,7,75,2202,837,78,16,12,464,0,0,0,0,0,0,0,0,0,0,2,0,0,0,0,1,1,1,0,0,0,0,2,0,0,1,0,0,0,0,0,0,0,0,0,0,0,0,0,0
"351090",3,5,0,4,1,4,26,0,2,4,0,0,0,0,0,0,0,0,0,0,3,0,0,1,0,0,1,0,0,0,0,0,0,0,1,0,0,0,0,0,0,0,0,0,0,0,0,0,0,0
"351100",168,26,160,550,47,610,553,24,111,1197,2,1,3,2,2,2,3,1,4,5,0,0,0,1,0,0,0,1,0,0,0,0,0,0,1,1,2,1,0,0,0,0,0,0,3,0,0,0,0,0
"351110",932,302,52,737,553,10777,133,45,105,3127,0,0,1,0,0,0,0,1,1,0,8,24,18,9,24,14,15,19,18,10,1,1,0,0,2,1,0,1,0,1,0,0,0,0,0,0,0,3,0,1
"351120",10,54,1,31,8,251,9,3,1,369,0,0,0,0,2,0,0,1,0,0,1,0,0,1,3,0,0,1,1,0,0,0,0,0,0,0,0,0,0,0,0,0,0,0,0,0,0,0,0,0
"351130",150,116,23,414,8,493,159,10,175,727,0,0,0,0,0,0,0,1,0,0,0,5,2,1,4,2,0,2,2,0,0,0,0,0,0,0,0,0,0,0,0,2,0,0,1,2,0,0,0,0
"351140",2,18,0,3,4,22,0,0,0,5,0,0,0,0,0,0,0,0,0,0,0,1,0,0,0,0,0,0,0,0,0,0,0,0,0,0,0,0,0,0,0,0,0,0,0,0,0,0,0,0
"351150",6,4,0,12,1,240,14,0,0,30,0,0,0,0,0,0,0,0,0,1,1,2,2,1,1,0,1,0,5,2,0,0,2,0,0,0,0,0,0,0,0,0,0,0,0,0,0,0,0,0
"351160",3,2,2,4,7,64,19,1,1,6,0,0,0,0,0,0,0,0,0,0,0,0,0,0,1,0,0,0,1,0,1,1,1,0,1,1,0,0,0,0,0,0,0,0,0,0,0,0,0,0
"351170",44,2,4,41,27,110,11,2,3,28,0,0,0,0,0,0,0,0,0,1,1,2,0,4,1,0,5,2,0,4,0,0,0,0,0,0,1,1,0,0,0,0,0,1,0,0,0,0,0,0
"351190",32,9,2,29,61,45,16,0,3,75,1,0,2,0,0,0,0,0,1,3,0,1,0,0,2,0,0,0,0,0,0,0,0,0,0,0,0,0,0,0,0,0,0,2,0,0,0,0,0,0
"351200",61,16,1,228,71,587,34,16,10,312,0,0,0,0,0,0,0,0,0,0,0,0,0,0,0,0,0,1,1,0,0,1,0,1,0,0,0,0,0,0,0,0,0,0,0,0,0,0,0,1
"351210",85,3,19,388,10,202,41,3,3,348,0,0,0,0,0,0,0,0,0,0,0,0,0,0,0,1,0,0,0,0,0,0,0,0,0,0,0,0,0,0,0,0,0,0,0,0,0,0,0,0
"351220",15,9,4,605,6,2291,38,4,6,224,1,0,0,0,0,0,0,0,0,1,4,3,3,0,4,3,2,8,5,7,0,1,1,1,2,2,2,0,0,0,0,0,0,0,0,0,0,0,0,0
"351230",4,1,0,6,12,821,3,1,3,27,0,0,0,0,0,0,0,0,0,0,1,0,3,0,0,0,3,0,0,3,0,0,0,0,0,1,1,0,0,0,0,0,0,0,0,0,0,0,0,0
"351240",20,28,185,523,49,660,8,3,3,124,0,0,0,0,1,0,0,0,0,1,10,7,2,2,3,9,2,1,4,4,0,0,0,0,0,0,0,0,0,0,0,0,0,0,1,0,0,0,0,0
"351250",98,16,73,14,100,163,197,3,0,172,0,0,0,0,0,2,0,0,2,0,0,0,0,0,0,0,0,0,1,0,0,0,0,0,0,0,0,0,0,0,0,0,0,0,0,0,0,0,0,0
"351270",1,0,3,2,12,122,3,1,0,5,0,0,0,0,0,0,0,0,0,0,1,1,1,0,0,0,0,0,0,0,0,0,0,0,0,0,0,0,0,0,0,0,0,0,0,0,0,0,0,0
"351280",660,468,36,314,203,884,109,20,11,110,0,0,0,0,0,0,1,0,1,0,7,6,10,11,22,10,10,9,8,0,1,1,0,1,0,1,0,1,0,0,0,0,0,0,0,1,0,0,0,0
"351290",359,5,1,41,22,108,25,2,4,152,0,0,1,0,1,0,0,0,0,2,0,0,0,0,0,0,0,0,1,0,1,0,0,0,0,1,0,1,0,0,0,0,0,0,0,0,0,0,1,0
"351300",69,225,19,40,381,2192,227,36,14,143,0,0,1,0,1,1,0,0,0,2,17,16,18,15,14,19,28,17,23,15,6,0,0,0,1,2,2,2,2,1,4,2,4,1,0,3,0,3,2,0
"351310",587,307,15,328,106,144,220,5,7,464,0,0,0,0,0,0,0,0,0,0,3,0,3,1,3,1,2,2,1,2,0,0,0,0,0,2,1,0,0,0,0,0,0,1,0,1,0,0,0,0
"351330",1,0,1,5,3,129,3,0,1,88,0,0,0,0,0,0,0,0,0,0,0,0,1,2,3,3,0,0,0,0,0,0,0,0,0,0,0,0,0,0,0,0,0,0,0,0,0,0,0,0
"351340",134,860,1138,6548,66,236,126,19,24,378,0,1,0,0,0,0,0,1,0,0,10,11,4,4,9,25,3,11,9,7,0,0,0,1,0,0,0,0,1,0,1,0,0,0,0,0,1,1,0,0
"351350",1985,183,664,5777,498,808,284,33,26,147,3,0,3,0,0,0,0,0,0,0,17,34,51,59,14,29,16,15,29,33,1,1,2,0,0,0,0,0,0,1,1,1,6,0,0,0,0,0,0,0
"351360",4,2,9,2,0,14,6,6,4,7,0,0,0,0,0,0,0,0,0,0,0,1,1,0,0,0,1,1,3,0,0,0,1,0,0,0,0,0,0,0,0,0,0,0,0,1,0,0,0,0
"351370",27,25,10,24,103,1272,94,33,9,60,0,0,0,0,0,0,0,0,0,0,0,0,2,2,1,0,0,1,0,0,1,0,0,0,3,2,0,0,0,0,0,0,0,0,0,0,0,0,0,0
"351380",247,352,44,99,841,3996,551,63,63,787,0,0,0,1,1,1,0,0,1,0,73,46,31,34,32,34,19,18,29,19,2,3,1,2,1,0,0,1,3,0,2,2,3,0,1,0,1,1,0,0
"351385",3,0,0,11,5,41,60,3,0,35,0,0,0,1,0,1,0,1,0,0,0,0,0,0,0,0,0,0,0,0,0,0,0,0,0,0,0,0,0,0,0,0,0,0,0,0,0,0,0,0
"351390",3,7,0,2,3,7,3,2,0,3,0,0,0,0,0,0,0,0,0,0,0,1,1,0,0,0,0,3,1,1,0,1,2,1,0,0,1,0,3,0,0,0,0,0,0,0,0,0,0,0
"351400",58,3,4,25,11,68,102,3,3,468,0,0,0,0,0,0,0,0,0,0,0,0,0,1,0,2,0,0,3,1,0,0,0,0,0,0,0,0,0,0,0,0,0,0,0,0,0,0,0,0
"351410",12,4,2,20,82,408,7,2,1,70,0,0,0,0,0,0,0,0,0,0,1,2,3,1,1,1,2,2,1,2,0,0,0,0,0,0,0,0,0,0,0,0,0,0,1,0,0,0,0,1
"351420",16,1,0,19,3,178,128,0,0,39,0,0,0,1,0,0,0,0,0,0,0,0,1,0,0,0,0,0,0,0,0,0,0,0,0,0,0,0,0,0,0,0,0,0,0,0,0,0,0,0
"351440",236,149,31,273,98,1141,77,13,10,951,21,14,9,8,4,12,20,45,20,16,1,0,3,0,2,0,2,3,1,2,3,1,4,0,2,8,0,4,2,2,0,0,1,0,0,0,0,1,0,0
"351450",63,3,0,12,15,77,5,1,0,193,0,0,0,0,0,0,1,0,1,0,0,1,0,1,0,1,0,2,0,0,0,0,0,0,0,0,0,0,0,0,0,0,0,0,0,0,0,0,0,0
"351460",246,183,1,178,41,246,380,2,2,161,0,0,0,0,0,0,0,0,0,0,2,1,1,1,0,1,0,0,1,0,0,0,0,0,0,1,1,0,0,0,0,0,0,0,0,0,1,0,0,0
"351470",1,1,0,1,5,64,2,2,0,28,0,0,0,0,0,0,0,0,0,0,0,0,0,0,0,1,0,1,1,1,0,0,0,0,0,0,0,0,1,0,0,0,0,0,0,0,0,0,0,0
"351480",85,24,3,302,5,5,11,1,3,30,0,0,0,0,1,0,0,0,0,0,1,10,1,6,2,2,2,2,6,12,5,5,10,2,1,2,0,3,7,18,0,0,0,0,1,0,0,0,0,0
"351490",3,14,1,118,54,1001,9,0,0,41,0,0,0,0,0,0,0,0,0,1,1,0,0,0,1,3,1,0,0,2,2,1,0,0,0,0,0,1,0,0,1,0,0,0,0,0,0,0,0,0
"351492",6,4,3,7,8,201,15,8,3,114,0,0,0,0,0,0,0,0,0,0,0,0,0,1,0,0,0,0,0,2,0,0,0,0,0,0,0,0,0,0,0,0,0,0,0,0,0,0,0,0
"351495",4,3,1,12,1,106,9,0,1,173,0,1,0,0,0,0,0,0,0,0,0,0,0,0,1,0,0,0,0,0,0,0,0,0,1,1,0,0,0,0,0,0,0,0,0,0,0,0,0,0
"351500",284,293,55,194,574,1903,418,93,47,282,0,3,0,1,0,1,0,3,0,0,25,21,27,16,32,25,43,15,7,9,1,0,0,4,2,0,1,3,1,0,3,2,0,1,0,0,0,0,0,0
"351510",6,10,4,4,30,110,51,18,41,64,0,0,0,0,0,0,0,1,0,0,6,18,7,12,5,2,1,4,17,9,0,0,0,0,1,0,0,0,2,2,0,0,0,0,0,0,0,1,0,0
"351515",8,15,6,514,17,540,25,0,3,261,0,0,0,0,0,0,0,0,1,0,1,1,0,2,1,4,2,0,1,2,0,1,0,0,0,0,0,0,0,0,0,0,0,1,0,0,0,0,0,0
"351518",26,3,4,8,15,1473,93,13,13,32,0,0,1,0,0,0,4,0,0,0,0,5,7,2,9,4,2,0,9,6,1,0,3,1,3,4,0,2,1,1,0,0,0,0,0,0,0,0,0,0
"351519",3,6,0,3,0,28,4,0,2,18,0,0,0,0,0,0,0,0,0,0,0,0,0,0,1,0,0,0,0,0,0,0,0,0,0,0,0,0,0,0,0,0,0,0,0,0,0,0,0,0
"351520",40,26,7,151,212,1471,32,14,20,359,0,0,0,0,0,0,1,1,1,0,0,1,2,2,1,1,0,1,2,0,0,0,0,0,0,0,1,3,0,0,0,0,0,0,0,0,0,0,0,0
"351535",23,10,3,44,29,96,175,15,3,251,1,0,1,0,0,0,0,0,0,1,0,1,0,0,0,0,0,0,0,1,0,0,1,0,0,0,1,0,0,0,0,0,0,0,1,0,0,0,0,0
"351550",1171,114,16,1810,214,1196,818,32,121,4712,2,3,1,6,4,4,3,4,11,20,8,5,4,3,9,9,7,1,10,18,1,0,0,1,1,0,0,1,1,0,2,1,1,2,5,1,3,2,2,1
"351560",18,0,4,47,1,34,8,1,1,64,0,0,0,0,0,0,0,0,0,0,1,1,0,1,0,2,0,2,2,0,0,0,0,0,2,0,0,0,0,0,0,0,0,0,0,0,0,0,0,0
"351570",39,29,20,40,84,1063,318,12,30,225,0,1,0,0,0,1,0,0,0,0,28,45,32,34,16,28,14,13,13,12,0,0,0,1,1,0,1,0,0,0,0,0,0,1,0,0,0,0,0,0
"351580",1,3,1,57,14,13,5,1,0,1,2,0,0,0,1,1,0,1,0,1,0,0,0,0,0,0,0,2,0,1,0,0,0,0,0,0,0,0,0,0,0,0,0,0,0,0,0,0,0,0
"351590",21,16,2,51,9,19,11,5,1,65,0,0,0,0,1,0,0,1,0,0,0,0,0,0,0,0,0,0,0,0,0,0,0,0,0,0,0,0,0,0,0,0,0,0,0,0,0,0,0,0
"351600",63,1,4,45,88,742,91,1,3,686,3,5,2,3,3,3,8,4,0,2,0,0,1,0,0,1,1,0,7,1,0,0,0,0,0,0,0,0,0,1,0,0,0,0,0,0,0,0,0,0
"351610",1,3,1,1,61,265,1,1,0,196,0,0,0,0,0,1,0,0,0,0,0,0,2,2,3,2,1,0,1,0,0,0,0,0,0,0,0,0,0,0,0,0,0,0,0,0,0,0,0,0
"351620",207,1332,59,462,281,1936,3477,166,220,8821,0,1,1,2,2,0,3,2,3,0,44,27,24,39,20,21,15,14,32,24,1,1,0,0,2,3,0,0,1,2,3,3,2,1,2,0,3,1,0,0
"351630",26,522,593,1023,1532,1391,478,27,16,1235,0,0,1,1,0,1,2,0,0,2,13,10,12,5,13,11,12,10,17,9,1,1,0,1,0,0,0,1,0,2,0,1,0,0,0,0,0,0,0,0
"351640",100,33,89,333,2536,1407,489,3,1,519,0,0,0,0,0,0,0,0,0,0,11,9,11,11,12,9,17,10,30,9,4,1,0,0,1,1,0,0,0,0,0,0,0,1,1,0,0,0,0,0
"351650",22,2,1,10,14,13,28,3,0,37,0,1,1,0,0,0,0,0,0,0,0,0,0,0,0,0,0,0,0,0,0,0,0,0,0,0,0,0,0,0,0,0,0,0,0,0,0,0,0,0
"351660",2,2,0,17,4,289,2,0,1,97,0,0,0,0,1,0,0,1,2,0,0,0,0,0,0,0,1,1,0,0,1,0,0,0,0,1,3,0,0,0,0,0,0,0,0,0,0,0,0,0
"351670",591,17,3,23,35,1446,19,4,2,580,0,0,0,0,0,0,0,2,0,3,3,0,2,0,2,0,4,1,1,1,0,0,0,0,1,2,0,0,0,1,1,0,0,0,0,1,0,0,1,1
"351680",183,4,7,16,14,29,12,3,0,114,0,0,0,0,0,0,2,0,0,1,0,0,0,0,0,0,3,0,0,0,0,0,0,0,0,0,0,0,0,0,0,0,0,0,0,0,2,0,0,0
"351685",5,30,0,5,4,19,12,0,12,334,0,0,0,0,0,0,0,0,0,0,0,0,0,0,0,0,0,0,0,1,0,0,0,0,0,0,0,0,0,0,0,0,0,0,0,0,0,0,0,0
"351690",76,2,1,62,122,56,182,2,14,150,0,0,0,1,0,1,0,0,1,0,1,1,0,0,0,1,0,1,2,0,0,0,0,0,0,0,0,1,0,0,0,0,0,0,0,0,0,0,0,0
"351700",84,0,5,102,15,750,13,2,1,464,1,1,1,0,0,1,0,1,1,0,0,0,1,0,0,0,0,0,0,0,0,0,0,0,1,0,1,2,0,0,0,0,0,0,0,0,0,0,0,0
"351710",43,2,4,27,43,191,35,2,1,149,1,0,1,0,0,0,0,1,0,0,0,0,0,0,0,0,0,0,0,0,0,0,0,0,0,0,0,0,0,0,0,0,0,0,0,0,0,1,0,0
"351720",415,21,1,31,52,413,11,1,3,516,1,0,2,0,0,0,0,0,0,0,0,0,1,0,0,0,0,0,0,0,0,0,0,0,0,0,0,0,0,0,0,0,0,0,0,0,0,0,0,0
"351730",2,5,0,5,1,612,4,0,2,126,0,0,0,0,0,1,0,2,0,2,1,0,0,0,0,1,0,0,0,1,0,0,1,0,0,0,0,0,0,0,0,0,0,0,0,0,0,0,0,0
"351740",152,65,491,2144,54,1347,2697,25,19,2373,0,2,0,0,0,0,0,0,0,0,1,1,1,1,1,0,0,2,0,0,0,0,0,0,0,0,0,0,0,0,1,0,0,0,1,1,0,0,0,1
"351750",125,12,4,165,17,251,317,7,11,1015,0,0,1,2,2,0,0,0,0,0,0,3,5,3,2,1,4,3,1,1,0,0,0,1,1,0,0,0,0,0,0,0,0,1,0,2,2,0,0,0
"351770",196,205,3,980,5,213,28,9,93,389,0,0,0,0,0,0,0,0,0,0,0,0,1,2,0,3,0,0,1,1,0,0,0,0,0,1,0,0,1,0,0,0,0,0,0,0,0,0,0,0
"351780",65,17,16,94,29,122,116,5,17,449,0,2,0,1,1,1,0,2,1,0,0,0,0,1,0,0,0,0,1,0,0,0,0,0,0,4,1,0,0,0,0,0,0,2,0,0,0,0,0,0
"351790",28,108,6,135,2,128,37,5,17,176,0,0,0,0,0,0,0,0,0,0,0,0,1,1,0,2,0,0,0,0,0,0,0,0,0,0,0,0,0,0,0,1,0,0,0,0,0,0,0,0
"351800",8,0,1,26,1,21,4,3,1,57,0,0,1,0,1,0,0,0,0,0,1,0,0,0,0,0,0,2,0,0,0,0,0,0,0,0,0,0,0,0,0,0,0,0,0,0,0,0,0,0
"351810",132,4,0,7,50,283,64,2,1,129,0,0,0,0,0,0,0,1,0,1,0,1,0,0,0,0,0,1,0,1,0,0,0,0,0,0,0,0,0,0,0,0,0,0,1,0,0,0,0,0
"351820",988,9,6,257,505,2564,53,8,39,1207,3,1,0,1,0,1,0,1,1,3,1,0,0,0,0,0,0,1,0,0,3,0,0,0,1,0,0,0,0,1,0,0,0,0,0,0,0,0,0,0
"351830",3,6,1,4,113,227,72,13,5,30,0,2,0,0,0,0,0,0,0,0,14,39,13,36,107,273,6,3,9,2,1,0,1,1,0,2,0,1,0,0,0,0,0,0,1,0,0,0,0,0
"351840",39,595,2764,145,121,1190,40,13,2,199,0,0,0,1,0,0,0,0,0,0,5,11,2,11,8,15,17,24,15,15,0,0,0,3,4,2,0,1,0,0,1,1,3,0,3,0,2,0,0,1
"351860",360,70,1,168,16,569,188,2,8,745,0,0,0,0,0,1,0,0,2,0,3,4,0,1,1,1,1,1,0,3,0,1,0,0,0,0,0,0,0,1,0,0,0,1,0,0,0,0,0,0
"351870",10318,18,56,1735,499,1294,1059,58,49,321,0,0,0,1,0,2,3,6,5,0,49,35,34,31,66,37,37,50,68,64,0,2,1,1,0,0,0,0,0,0,1,2,25,0,2,0,0,0,9,2
"351880",1621,1102,422,2695,5872,25923,1490,409,107,6474,2,3,1,1,3,6,4,2,1,3,281,255,185,201,193,180,129,98,151,148,4,2,1,2,16,4,2,0,6,7,10,12,8,10,5,7,0,0,5,3
"351885",23,7,4,194,4,265,122,16,5,254,0,0,0,0,0,0,0,0,0,0,0,0,0,0,0,0,1,0,0,0,0,0,0,0,0,0,1,2,1,6,0,0,0,0,0,0,0,0,0,0
"351890",22,0,0,4,8,95,20,1,3,63,0,0,0,0,0,0,0,1,0,0,0,0,0,0,0,0,0,1,0,0,0,0,0,0,0,0,0,0,0,0,0,1,0,0,0,0,0,0,0,0
"351900",8,6,0,150,9,121,36,2,0,281,0,0,0,0,0,0,2,2,2,1,1,0,0,0,1,0,0,0,1,2,0,0,0,0,0,0,0,0,0,0,0,0,0,0,0,0,0,0,0,0
"351905",13,40,5,25,82,355,34,10,46,49,0,0,0,0,0,0,0,0,0,0,1,1,0,1,0,2,0,0,1,1,0,0,0,1,0,1,2,2,0,2,2,0,0,0,0,0,0,0,0,0
"351907",1537,1407,181,1720,2188,5858,1313,145,42,1268,1,0,0,1,0,1,1,1,0,0,73,61,45,41,38,32,34,30,24,23,2,2,0,1,3,0,4,0,0,0,0,2,3,0,0,0,0,0,1,0
"351910",51,10,0,18,25,120,35,2,2,197,0,0,1,0,0,0,1,0,0,0,0,0,0,0,0,0,1,0,0,0,0,0,0,0,0,0,0,0,0,0,0,0,0,0,0,0,0,0,0,0
"351920",13,0,0,53,5,90,17,2,0,46,0,0,0,0,2,0,5,0,0,1,0,0,0,0,0,0,1,0,0,1,0,0,0,0,1,0,0,0,0,0,0,0,0,0,0,0,0,0,0,0
"351930",35,71,4,11,15,642,42,1,4,407,1,0,0,0,0,0,0,0,0,0,0,1,0,0,0,1,2,0,1,1,0,1,0,0,0,0,0,0,3,2,0,0,1,0,0,0,0,0,0,0
"351940",86,0,30,73,6,543,170,11,7,943,0,0,0,0,0,0,1,1,1,2,1,0,1,0,1,1,1,1,0,0,0,0,0,0,0,2,1,1,0,0,0,0,0,0,0,0,0,1,0,0
"351950",8,18,0,102,4,267,151,1,1,210,0,0,0,0,0,0,0,0,0,0,0,2,4,1,1,0,0,2,1,1,0,0,0,0,0,0,0,0,0,0,0,0,0,0,0,0,0,0,0,0
"351960",1199,268,332,1084,25,806,2137,43,25,216,0,0,1,0,0,0,0,0,1,1,0,0,1,0,0,1,1,0,1,1,0,0,1,0,0,0,0,1,0,0,0,0,0,0,0,0,1,0,0,0
"351970",2,1,0,6,14,155,92,7,16,35,0,1,0,0,0,0,0,0,0,0,6,6,4,8,7,5,9,7,56,28,2,1,1,1,0,1,1,0,5,0,0,0,0,0,1,0,0,0,1,0
"351980",50,44,41,156,6,244,58,15,10,176,0,0,0,0,2,0,0,0,0,0,0,0,2,0,0,0,1,0,1,0,0,0,0,1,0,0,0,0,0,0,0,0,1,0,0,0,0,0,0,0
"351990",3,5,0,64,4,111,43,0,19,35,0,0,1,0,2,1,1,1,2,0,2,0,1,2,2,1,1,0,1,0,0,0,0,0,1,1,0,0,0,1,0,0,0,0,0,0,0,0,0,0
"352000",10,8,3,9,15,25,8,0,1,47,0,0,0,0,0,0,0,0,0,0,0,1,0,0,2,0,1,0,0,0,0,1,0,0,0,0,0,0,0,0,0,0,0,0,0,0,0,0,0,0
"352010",222,342,96,290,18,11,128,7,107,760,1,0,0,0,0,0,0,0,0,0,0,0,1,0,0,0,0,1,1,1,0,0,0,0,0,0,0,0,1,0,0,0,0,1,1,1,0,0,0,0
"352030",581,627,2,554,8,578,6,7,4,14,0,0,0,0,0,0,0,0,0,0,7,9,5,2,4,7,11,3,6,7,0,0,2,5,0,0,2,0,1,0,0,0,0,0,0,0,0,1,0,0
"352040",1393,79,41,1240,3830,963,162,12,46,198,0,0,0,0,0,0,1,0,0,0,10,16,2,3,11,3,4,2,7,3,3,0,1,1,0,0,1,1,1,0,2,0,0,0,0,1,0,2,10,1
"352042",11,37,3,129,23,220,21,1,4,12,0,0,0,0,0,0,0,0,0,0,1,2,0,1,5,5,4,5,2,1,1,0,0,0,2,1,1,1,0,0,0,0,0,0,0,0,0,1,0,0
"352044",94,27,14,1047,334,637,247,6,293,603,1,2,0,1,2,2,0,0,2,3,1,0,0,0,0,0,1,0,0,0,0,0,0,1,1,1,0,0,0,0,2,0,1,0,1,0,0,0,0,0
"352050",60,137,27,763,322,2303,582,138,28,416,1,0,1,2,0,0,0,1,1,2,9,21,12,16,30,11,22,23,15,20,2,3,2,6,2,1,0,2,1,0,0,3,0,0,0,0,0,2,2,1
"352070",25,9,2,43,7,27,56,0,35,79,0,0,0,0,0,0,0,1,0,0,0,0,1,0,0,0,1,1,0,0,0,1,0,0,0,1,0,0,0,1,0,0,0,0,0,0,0,0,0,0
"352080",13,0,0,11,0,175,1,0,2,65,1,1,0,1,0,0,0,2,1,2,0,0,1,0,0,0,0,0,1,1,0,0,0,0,0,0,0,0,0,0,0,0,0,0,0,0,0,0,0,0
"352090",5,14,0,3,2,312,1,0,0,21,0,0,0,1,0,0,0,1,0,0,0,0,2,1,0,0,0,0,0,6,0,0,0,0,0,0,0,0,0,0,0,0,0,0,0,0,1,0,1,1
"352100",58,228,18,333,413,2552,37,3,2,94,0,0,0,0,0,0,0,0,1,0,12,8,4,3,7,6,1,3,2,7,1,1,2,0,2,5,0,2,0,1,1,1,0,0,0,0,0,0,0,1
"352110",4,27,2,60,11,210,8,2,0,42,0,0,0,1,0,0,0,0,0,1,0,2,0,0,0,0,0,0,0,0,0,0,0,0,0,0,0,0,0,0,0,0,0,0,0,0,0,0,0,0
"352115",130,2,2,95,3,147,111,2,98,325,0,1,0,0,0,0,0,0,0,0,0,0,0,1,0,1,0,0,0,1,0,0,0,1,0,0,0,0,0,0,0,0,0,0,0,1,0,0,0,0
"352120",4,0,0,51,0,1,1,0,0,7,0,0,0,0,0,0,0,0,0,0,0,1,0,2,0,1,1,0,1,10,4,7,5,9,14,6,14,7,5,19,0,1,0,0,0,0,0,0,0,1
"352130",126,204,51,576,17,48,124,1,33,959,0,0,1,1,0,0,0,0,0,0,1,0,0,0,0,0,0,0,0,0,0,0,0,0,0,0,0,0,0,0,0,0,0,0,0,0,0,0,0,0
"352140",49,105,11,53,32,633,13,7,9,151,0,0,0,0,1,1,0,0,0,0,1,1,2,0,0,2,1,1,2,4,0,0,0,0,0,0,0,0,0,0,0,0,0,0,0,0,0,0,0,0
"352150",23,66,2,67,2,184,10,2,1,48,0,0,0,0,0,1,0,1,0,0,1,4,5,0,0,0,2,1,0,3,0,0,0,0,0,0,0,0,0,0,0,0,0,0,0,0,0,0,0,0
"352160",2,4,0,180,46,93,12,0,2,282,3,5,1,1,0,3,3,0,4,0,1,0,0,0,0,0,0,0,0,0,0,0,0,0,0,2,1,0,0,0,0,0,0,0,0,0,0,0,0,0
"352180",2,1,0,1,0,61,0,0,0,2,0,0,2,0,0,0,1,0,0,0,1,0,0,0,2,0,0,0,0,0,0,0,0,0,0,0,0,0,0,0,0,0,0,0,0,0,0,0,0,0
"352190",35,2,3,29,8,119,52,9,34,134,0,0,0,0,0,0,0,0,0,0,1,12,8,10,5,10,3,11,16,13,0,0,0,0,0,0,1,0,0,0,0,0,0,0,0,0,0,0,0,0
"352200",16,0,0,4,7,6,5,0,0,5,0,0,0,0,0,0,0,0,0,0,0,0,1,0,0,0,0,0,0,0,0,0,0,0,0,0,0,0,0,0,0,0,0,0,1,0,0,0,0,0
"352210",196,35,10,203,171,4669,34,13,13,619,0,1,0,0,1,0,0,1,1,0,23,12,14,10,6,23,18,14,19,13,0,0,0,0,0,0,0,0,0,2,1,0,0,0,0,1,0,1,1,1
"352220",57,44,9,45,165,1810,196,19,7,60,0,0,0,0,2,0,1,0,1,0,25,22,20,19,10,16,14,15,23,17,0,1,0,0,0,1,3,2,0,2,1,0,0,1,0,0,1,0,0,0
"352230",25,16,1,22,15,509,33,5,10,119,0,0,0,0,0,1,0,1,2,1,6,10,8,5,9,9,4,9,2,9,0,0,1,0,0,0,0,1,1,1,0,1,1,1,2,0,0,0,1,0
"352240",10,4,2,11,6,210,13,1,0,9,0,0,0,0,0,0,1,0,0,0,6,9,23,34,11,11,11,14,15,5,0,0,0,0,0,1,0,2,1,3,1,1,0,0,7,0,0,1,1,0
"352250",52,189,29,99,625,2550,135,7,4,69,1,1,1,1,0,1,0,0,2,0,25,38,36,52,23,32,25,16,9,11,4,1,0,1,0,1,1,1,0,0,0,1,0,0,1,0,0,2,1,0
"352260",328,18,87,55,731,4598,75,15,4,180,0,0,0,0,0,1,0,0,0,0,4,1,1,2,1,3,8,10,2,8,1,1,2,3,5,1,1,3,2,0,0,0,0,0,0,1,0,0,0,0
"352270",308,45,17,298,183,816,1071,18,9,1093,0,0,0,0,0,0,0,0,0,0,0,0,0,1,0,0,0,2,1,1,0,0,0,1,0,0,0,0,0,0,0,0,0,0,0,0,0,0,0,0
"352290",4,43,0,12,135,142,3,1,4,802,0,0,1,0,0,0,0,0,0,0,0,2,2,0,0,0,1,0,1,1,0,0,0,0,0,0,0,0,0,0,0,0,0,0,0,0,0,0,0,0
"352300",142,0,76,190,26,105,20,1,10,160,0,1,0,0,0,0,3,0,1,0,0,0,0,0,0,0,0,0,0,0,0,0,0,0,0,0,0,0,0,0,0,0,0,0,0,0,0,0,0,0
"352310",52,40,15,113,213,1323,153,19,37,350,0,0,0,1,0,0,0,0,0,1,68,41,20,38,22,27,30,16,24,34,0,0,1,0,0,1,1,1,1,0,0,2,0,2,0,1,0,0,0,0
"352320",1,0,0,1,28,33,4,1,0,1,0,0,0,0,0,0,0,0,0,1,0,0,1,3,2,4,1,1,0,1,0,0,2,4,1,4,1,1,0,4,0,0,0,0,1,0,0,0,0,0
"352330",54,6,6,190,6,628,15,1,3,2,0,0,0,0,0,0,0,0,0,1,1,2,1,3,1,7,0,0,9,3,6,2,1,8,4,8,12,8,1,4,0,0,0,0,0,0,0,0,0,0
"352340",25,46,18,61,93,250,138,20,17,196,1,0,0,1,0,0,0,1,1,0,20,28,29,19,32,24,44,14,13,15,0,0,0,0,0,4,3,3,1,0,0,0,0,0,0,0,0,1,0,2
"352350",2,1,0,1,1,13,4,0,0,103,0,0,0,0,0,2,0,0,0,0,3,0,0,2,2,1,1,1,0,0,0,0,0,0,0,0,0,1,1,2,0,0,0,0,0,0,0,0,0,0
"352360",12,2,0,14,33,713,14,0,0,84,0,0,0,0,0,0,0,0,0,0,0,0,0,0,0,1,1,0,0,1,0,0,0,0,0,1,0,0,0,0,0,0,0,0,0,0,0,0,0,0
"352370",3,3,0,6,0,67,254,3,32,174,0,0,0,0,0,0,0,0,0,0,0,0,0,0,0,1,0,0,0,0,0,1,0,0,0,0,0,0,0,0,0,0,0,0,0,0,0,0,0,0
"352380",7,1,1,2,273,107,4,5,5,10,0,0,0,0,0,0,0,0,0,0,0,0,0,1,0,0,1,0,1,0,0,0,1,0,0,0,0,0,0,0,0,0,0,0,0,0,0,0,0,0
"352390",110,350,58,743,179,1821,3297,8,25,93,0,0,0,0,0,1,0,1,0,0,30,30,19,17,23,16,10,16,21,21,2,0,3,1,1,1,2,0,3,3,1,0,0,10,3,1,0,0,2,0
"352400",5,11,9,24,59,284,25,5,3,106,1,0,0,0,0,0,0,1,0,0,5,5,3,4,2,3,2,2,2,4,0,0,1,3,4,1,1,0,0,1,0,0,0,0,0,0,0,0,0,0
"352410",509,1227,193,1789,14,138,1298,7,35,2040,0,0,0,0,0,0,0,1,0,0,1,0,2,3,3,1,1,3,1,2,1,1,0,0,1,1,0,0,0,0,0,0,1,0,0,0,0,0,0,0
"352420",12,7,1,97,2,73,145,1,1,633,0,0,0,0,0,0,0,0,0,0,0,0,0,0,0,3,1,0,0,0,2,1,0,1,0,1,0,1,0,0,0,0,0,0,0,0,0,0,0,0
"352430",5027,57,42,922,68,341,1133,34,38,1308,0,0,0,0,0,0,0,0,0,0,7,4,4,13,16,5,5,8,3,5,2,1,0,1,4,0,0,0,0,1,0,0,1,0,3,0,0,0,0,0
"352440",454,133,36,140,240,3963,242,43,29,409,0,0,0,1,0,2,0,0,0,1,23,41,36,32,28,29,18,7,19,21,0,4,1,1,0,0,1,0,2,2,1,0,5,1,1,0,1,2,0,0
"352450",75,11,0,103,33,272,155,6,130,200,0,0,0,1,0,0,0,0,0,1,0,0,0,1,1,0,1,0,0,0,0,0,0,0,0,0,0,0,0,0,0,1,0,2,0,0,0,0,0,0
"352460",57,53,75,2110,4,149,4,0,1,4,0,0,0,0,0,0,0,0,0,0,4,2,4,10,1,5,3,5,4,5,1,3,0,0,0,1,1,0,0,1,0,1,0,0,0,0,0,1,0,0
"352470",341,42,53,276,141,1553,96,29,213,329,0,1,2,1,0,0,0,0,0,0,20,27,10,28,16,20,11,16,16,13,0,1,4,3,1,0,0,0,1,0,0,1,4,2,0,2,0,0,0,0
"352480",336,191,9,2041,485,3375,1797,26,48,2564,6,12,7,16,6,3,1,1,3,4,2,2,3,2,6,6,2,4,2,2,0,1,2,2,0,0,1,0,1,0,0,1,0,0,0,1,1,1,0,1
"352490",6,2,1,1,3,33,9,10,4,4,0,0,0,0,0,0,0,0,0,0,0,0,0,2,1,2,1,1,0,0,0,0,0,0,0,0,0,0,0,0,0,0,0,0,0,1,0,0,0,0
"352500",54,61,62,106,559,2899,162,20,24,100,0,2,0,1,0,0,0,0,0,1,6,15,13,8,7,6,6,10,10,2,1,0,2,0,1,1,0,0,0,1,1,3,0,0,2,1,0,0,1,0
"352510",1023,406,14,1542,1260,411,2893,17,10,265,0,0,0,0,0,0,0,0,0,0,3,2,5,3,1,2,2,0,2,3,1,2,0,0,0,0,2,1,0,2,0,1,2,1,0,0,0,0,0,0
"352520",9,1,2,11,14,95,14,3,5,28,0,1,0,0,0,0,0,0,0,0,2,1,6,4,0,0,1,1,6,0,0,0,1,0,0,0,0,0,0,0,0,0,0,0,0,0,0,0,0,0
"352530",344,94,9,604,4450,256,67,3,13,1901,0,0,1,0,0,0,0,0,0,0,8,8,6,14,3,2,7,11,8,10,0,0,0,0,1,0,0,0,1,0,1,0,0,1,0,0,0,1,0,1
"352550",3,2,1,4,3,16,6,0,3,3,0,0,0,0,0,0,0,0,0,0,0,1,5,2,3,1,1,1,3,2,0,0,0,1,2,0,0,0,0,2,0,0,0,0,0,0,0,0,0,0
"352560",2,0,0,7,5,44,5,2,3,17,0,0,0,0,0,1,1,0,0,0,0,0,0,0,0,0,1,0,0,0,0,0,0,0,0,0,0,0,0,0,0,0,0,0,0,0,0,0,0,0
"352570",186,8,2,201,213,600,457,15,32,1021,1,0,0,0,0,1,0,0,1,1,0,1,1,5,1,2,1,1,4,3,0,0,0,0,0,1,0,1,0,1,3,1,0,0,1,2,1,0,1,0
"352580",5,0,0,1,1,301,13,0,0,42,0,0,0,0,0,0,0,0,2,1,0,0,0,0,0,0,0,0,1,0,0,0,0,0,0,0,0,0,0,0,0,0,0,0,0,0,0,0,0,0
"352585",3,0,2,10,1,21,4,1,2,1,0,0,0,0,0,0,0,0,0,0,0,0,0,1,1,0,3,3,0,1,0,0,0,0,0,0,0,0,0,0,0,0,0,0,0,0,0,0,0,0
"352590",185,112,53,225,519,4625,469,11,6,2932,0,0,0,0,1,0,1,0,0,0,32,29,32,24,16,16,18,14,19,16,4,3,1,0,1,0,3,1,2,0,4,4,3,2,0,0,1,0,0,0
"352600",39,15,2,148,136,579,16,2,0,90,11,6,1,5,4,8,5,5,5,1,2,2,0,0,0,0,0,3,0,1,0,0,0,1,1,13,0,2,1,2,0,0,0,0,0,0,0,0,0,0
"352610",27,11,21,647,16,132,178,3,0,9,0,0,0,0,0,0,0,0,1,0,6,7,7,9,12,11,6,4,6,0,4,1,0,1,8,0,2,1,0,2,0,0,0,0,0,0,0,0,0,0
"352620",2,4,9,2,8,74,33,10,17,3,0,0,0,0,0,0,2,0,0,0,6,5,6,3,4,3,5,2,6,2,0,2,0,0,0,0,0,0,0,0,1,1,0,0,2,2,1,0,1,0
"352630",3,4,0,0,12,2,2,1,1,2,0,0,0,0,0,1,0,0,0,0,0,0,0,0,0,0,0,0,1,1,0,0,0,0,0,0,0,0,0,0,0,0,0,0,0,0,0,0,0,0
"352640",2,96,2,142,46,163,16,0,0,31,0,0,0,0,0,0,0,1,0,0,2,1,1,1,1,0,2,1,2,0,0,0,0,0,0,0,1,0,0,0,0,0,0,0,1,0,0,0,0,0
"352650",18,3,2,31,18,169,49,1,1,102,1,0,1,0,1,0,0,0,2,0,0,0,0,0,0,0,0,0,0,0,0,0,0,0,0,0,1,0,0,0,0,0,0,0,0,0,0,0,0,0
"352660",1,26,37,301,20,13,23,0,1,175,0,0,0,0,0,0,0,0,0,0,0,0,0,1,0,1,1,0,0,1,0,0,1,0,0,0,0,0,0,0,0,0,0,0,0,0,0,0,0,0
"352670",1141,690,76,4709,30,224,48,9,208,2855,1,0,0,0,0,0,1,0,1,0,3,3,3,0,5,5,7,6,2,10,1,2,0,1,0,0,0,0,0,0,0,0,0,1,0,0,0,0,0,0
"352680",69,17,6,35,27,473,40,2,5,296,1,0,0,1,1,1,0,0,0,0,3,8,0,1,2,3,4,2,3,2,1,0,0,0,0,1,2,0,0,0,1,1,0,2,0,0,0,0,0,1
"352690",520,2377,43,1248,711,19855,113,25,14,1226,0,0,0,1,0,0,0,0,0,0,16,25,16,14,15,27,18,26,27,25,1,2,0,0,2,2,0,0,0,1,0,1,3,1,3,1,0,0,0,0
"352710",611,480,16,245,219,1757,69,18,23,2805,9,9,4,1,8,1,1,1,2,1,1,0,0,1,0,0,1,2,1,0,0,1,0,0,1,0,0,0,0,2,1,1,0,0,0,0,19,2,0,3
"352720",16,2717,66,246,122,2380,79,26,12,584,0,0,0,0,0,0,0,0,0,0,4,11,8,7,3,14,19,10,15,10,0,1,0,0,1,0,1,0,1,1,0,0,0,0,0,0,0,1,0,0
"352725",35,1,8,5,39,66,17,4,3,129,0,0,0,1,0,1,0,0,0,0,1,0,0,1,0,0,0,0,0,0,0,0,0,0,0,0,0,0,0,0,0,0,0,0,0,0,0,0,0,0
"352730",1,60,15,38,83,371,48,2,3,129,1,0,0,0,0,0,2,0,0,0,6,24,8,4,6,9,7,4,4,5,0,0,0,0,0,0,0,0,0,1,0,0,0,0,0,0,0,0,0,0
"352740",383,0,2,177,27,442,39,1,2,485,3,5,7,2,5,2,7,3,5,3,2,0,2,1,1,1,0,3,1,0,1,0,0,0,4,2,0,0,0,0,0,0,0,1,0,0,0,0,0,0
"352760",94,42,7,128,28,436,140,6,29,91,0,0,0,0,0,0,0,0,1,0,0,0,0,0,1,0,0,0,1,0,0,1,0,0,0,1,0,1,0,0,0,0,0,0,0,0,0,0,0,0
"352770",113,8,2,9,16,57,17,2,1,47,0,1,0,0,0,0,0,0,1,0,0,0,0,0,0,0,0,0,0,0,0,0,0,0,0,0,0,0,1,0,1,0,3,0,0,0,0,0,0,0
"352780",7,2,0,1,3,51,0,0,0,9,0,0,0,0,1,0,0,1,0,1,0,0,0,0,1,0,0,0,0,1,0,1,0,0,0,1,0,0,1,1,0,1,0,0,0,0,0,0,0,0
"352790",1,5,2,17,0,88,22,0,2,12,0,0,0,0,0,0,0,0,0,0,0,0,1,0,1,0,0,0,0,0,0,0,0,1,0,0,0,0,0,0,0,0,0,0,0,0,0,0,0,0
"352800",2,8,0,31,21,114,3,0,0,65,0,0,0,0,0,0,0,0,0,0,0,1,0,2,0,0,0,1,0,4,0,0,0,0,0,1,0,0,0,0,0,0,0,0,0,0,0,0,0,0
"352810",228,2,0,47,16,47,39,2,54,433,0,0,0,0,2,0,0,1,0,0,0,0,1,1,2,0,0,0,2,2,0,0,0,0,0,0,0,0,0,0,0,1,0,0,0,0,0,0,0,0
"352820",52,1,0,120,9,34,36,1,4,87,0,1,0,0,0,0,0,1,0,0,0,1,0,0,1,0,0,0,2,0,0,0,1,0,0,0,0,0,0,0,0,0,0,0,1,0,0,0,0,0
"352830",48,3,1,8,11,38,9,1,2,78,0,0,0,0,1,0,0,0,0,0,0,0,0,0,0,0,0,0,0,0,0,0,0,0,0,0,0,0,1,0,0,0,0,0,0,0,0,0,0,0
"352840",8,10,3,28,41,496,16,0,2,14,0,0,0,0,0,0,1,0,0,0,16,6,5,10,10,11,8,11,1,2,0,2,1,3,1,2,0,0,1,0,0,1,0,0,0,0,1,1,0,0
"352850",32,10,3,43,4825,194,24,0,1,23,0,0,1,0,0,0,1,0,0,0,10,6,5,19,7,3,8,4,18,6,4,2,4,4,13,4,2,0,2,1,0,0,0,0,0,0,0,0,1,1
"352870",6,1,0,20,5,22,10,0,2,184,0,0,0,0,1,3,0,1,0,1,0,0,0,0,0,0,0,0,0,0,0,0,0,0,1,0,1,2,0,0,0,0,0,0,0,0,0,0,0,0
"352880",12,2,0,17,36,607,2,4,4,75,0,0,0,0,0,0,0,0,0,2,3,1,2,0,0,3,7,1,9,7,1,0,0,1,0,0,10,1,0,0,0,0,0,0,0,0,0,0,0,2
"352885",5,1,0,1,0,117,2,1,2,49,0,0,0,0,0,0,0,0,0,0,1,6,3,7,3,13,0,4,4,2,0,0,0,0,0,0,0,0,0,0,1,0,0,0,0,0,0,0,0,0
"352890",16,1,0,17,38,160,2,0,0,101,1,1,0,0,0,0,1,1,2,1,0,0,0,0,0,1,0,0,1,0,0,0,1,0,0,0,0,0,0,0,0,0,0,1,0,0,0,0,0,0
"352900",943,77,27,507,1772,18698,470,66,54,2992,1,1,2,2,3,8,17,51,24,38,12,19,25,14,26,16,16,9,15,17,0,0,0,0,0,2,0,0,3,1,4,6,3,4,2,3,5,3,2,2
"352910",8,18,3,21,6,43,22,1,2,70,0,0,0,0,0,0,0,0,0,0,0,0,0,0,0,0,0,1,0,0,0,0,0,0,0,0,0,0,0,0,0,0,0,0,0,0,0,0,0,0
"352920",19,4,7,61,25,131,345,3,1,166,0,0,0,0,1,0,0,0,0,1,1,4,0,2,4,0,0,2,0,2,1,0,1,0,1,0,0,0,0,0,0,0,0,0,0,0,0,0,1,0
"352930",1246,447,347,1096,218,778,2204,9,31,1424,0,0,0,0,0,0,0,0,0,1,2,4,5,3,4,8,7,5,4,3,0,0,1,0,0,1,0,1,0,0,0,0,0,0,1,0,0,1,0,0
"352940",66,31,15,51,96,815,411,15,11,503,0,0,1,2,0,1,0,2,0,2,58,74,35,28,34,32,22,16,19,37,1,0,2,1,3,0,0,1,0,1,2,0,0,0,1,0,2,2,4,3
"352950",92,18,12,182,20,387,109,1,15,457,0,0,0,1,0,0,0,0,1,0,0,0,3,0,1,0,2,0,3,0,0,0,0,0,0,0,0,0,0,0,0,0,0,0,1,0,0,0,0,0
"352960",17,3,0,108,22,108,18,6,9,126,0,0,0,0,1,0,0,0,0,0,0,0,1,0,0,0,0,0,0,0,0,0,0,0,0,0,0,0,0,0,0,0,1,0,0,0,0,0,0,0
"352965",6,1,1,16,6,70,6,0,0,12,0,0,0,1,0,0,0,0,0,0,0,0,0,0,0,0,0,0,0,0,0,0,1,0,0,0,0,0,0,0,0,0,0,0,0,0,0,0,0,0
"352970",288,152,133,144,11,41,204,2,7,137,0,0,1,0,0,0,0,0,0,0,0,0,0,0,0,0,0,0,1,0,0,1,0,0,0,0,0,0,0,0,0,0,0,0,0,0,0,0,0,0
"352980",4,2,1,7,156,29,6,0,0,225,0,0,0,1,0,0,0,0,0,0,1,1,0,1,2,2,5,3,1,2,0,0,0,0,0,0,0,0,0,0,0,0,0,0,0,0,0,0,0,0
"352990",62,10,3,348,15,571,25,3,5,58,0,0,0,0,0,1,0,1,0,0,10,8,17,10,11,3,5,2,7,8,6,1,4,2,2,0,2,1,4,2,0,0,0,0,1,0,0,0,0,0
"353000",24,4,3,123,18,57,9,1,3,77,0,0,0,0,0,0,0,0,1,0,0,0,0,5,0,0,2,0,1,2,0,0,0,0,0,0,0,0,0,0,0,0,0,1,0,0,0,0,0,0
"353010",320,27,13,280,135,801,745,43,30,2412,5,4,5,2,5,2,1,3,3,4,0,0,0,1,0,1,1,0,0,0,0,1,0,1,1,2,4,2,0,3,0,0,0,0,0,0,0,0,0,0
"353020",10,40,15,114,56,159,843,10,4,122,0,0,0,0,1,1,1,0,1,1,0,1,0,0,0,1,0,1,0,1,0,0,0,0,0,0,0,1,0,0,1,0,0,0,0,0,0,0,0,0
"353030",1252,34,47,1669,34,458,143,232,290,772,0,1,1,1,0,0,3,1,6,1,1,3,3,2,4,4,4,2,5,2,1,0,2,0,0,1,0,0,0,0,0,3,0,0,2,0,1,0,0,0
"353040",90,2,0,140,0,139,44,5,7,312,0,0,0,1,1,0,0,0,0,0,1,0,1,1,0,0,0,0,0,1,0,0,0,0,0,0,0,0,0,0,0,0,0,0,0,0,0,0,0,0
"353050",78,86,2,589,459,3392,268,20,31,494,0,0,0,0,0,0,0,0,0,0,8,3,1,2,1,0,4,2,5,3,1,0,1,0,0,0,0,0,0,0,2,1,0,0,0,0,0,0,0,1
"353060",45,14,4,33,118,885,262,10,7,164,0,0,0,0,0,1,0,0,0,0,54,45,30,32,23,16,22,15,21,9,0,0,1,0,1,0,0,0,0,1,2,1,20,0,0,0,2,0,0,0
"353070",817,349,23,335,1180,9190,150,44,39,3030,0,0,0,1,0,0,1,0,1,0,9,4,1,4,1,3,9,16,33,39,2,3,0,2,3,1,3,2,1,1,1,3,0,0,0,0,0,1,0,0
"353080",412,1399,27,166,1119,2080,185,90,49,1801,0,0,0,0,0,0,0,1,2,0,12,2,3,8,0,4,10,7,5,4,1,2,0,0,0,0,0,2,1,0,0,0,0,2,0,0,0,0,1,0
"353090",1,0,0,80,1,28,3,0,0,19,0,0,0,0,0,0,0,0,0,0,1,0,0,0,0,0,0,1,0,1,0,0,0,0,0,0,0,0,0,0,0,0,0,0,0,0,0,0,0,0
"353100",91,0,1,30,9,61,65,0,4,104,0,0,0,0,0,1,1,0,0,0,0,0,1,0,0,0,1,0,0,0,1,0,0,1,0,0,0,0,0,0,0,0,1,0,0,0,2,0,0,0
"353110",141,120,18,170,290,891,40,12,12,452,0,0,0,0,0,0,0,1,0,0,4,3,10,9,5,11,10,5,9,3,1,0,1,0,7,20,5,0,0,0,0,0,1,0,0,0,0,0,0,0
"353120",8,0,0,5,10,128,17,6,9,11,0,0,0,0,0,0,0,0,0,0,3,3,1,2,3,5,4,3,4,1,0,0,2,0,0,0,0,0,0,0,1,0,0,0,0,0,0,0,0,0
"353130",533,163,5,139,25,328,76,14,53,693,0,0,0,0,0,0,0,0,0,0,10,2,6,5,15,15,9,8,15,3,0,0,2,3,1,1,0,0,0,2,0,0,0,0,0,0,0,0,0,0
"353140",246,88,11,272,118,604,202,8,14,1138,0,0,1,0,0,0,0,0,3,1,1,0,2,3,0,1,2,0,1,5,0,0,0,0,0,0,0,0,0,1,1,0,0,2,0,0,0,0,0,0
"353150",258,17,6,426,29,423,596,10,3,635,1,0,1,0,0,0,0,0,0,1,0,0,1,2,0,1,1,0,1,2,1,0,0,0,1,0,1,0,0,0,2,0,0,1,1,0,0,0,0,0
"353160",20,1,4,15,7,41,11,3,1,79,2,0,1,6,1,1,1,4,1,0,1,0,1,0,0,0,0,0,0,0,0,0,0,0,0,7,3,1,0,0,0,0,0,0,0,0,0,0,0,0
"353180",63,24,6,98,355,1070,49,6,1,334,0,0,1,0,0,0,0,1,0,0,2,3,6,6,2,13,7,5,6,5,2,0,0,0,1,2,2,1,0,0,0,0,0,0,1,1,0,0,0,0
"353190",195,121,102,1586,21,78,120,5,5,2312,0,0,0,0,1,0,0,0,0,1,1,0,1,0,1,0,0,0,2,1,0,0,0,0,0,0,0,0,0,0,0,0,0,0,0,0,0,0,0,0
"353205",33,5,2,7,43,21,18,1,58,147,0,0,0,0,0,0,0,0,0,0,0,0,1,0,1,0,1,0,0,1,0,0,0,0,0,0,0,0,0,0,0,0,0,0,0,0,0,0,0,0
"353210",6,11,3,62,5,105,73,1,18,165,0,1,1,0,0,2,2,1,1,0,0,0,0,0,0,0,0,0,0,0,0,0,0,0,0,0,0,1,1,0,0,0,0,0,0,1,0,0,0,0
"353220",2,0,16,11,18,19,30,0,0,71,0,0,0,0,0,0,0,1,1,0,0,0,0,0,1,0,0,0,0,0,0,0,0,1,2,0,0,0,0,0,0,0,0,0,0,0,0,0,0,0
"353230",7,13,6,0,28,7,6,8,4,19,0,0,0,0,0,0,0,0,0,0,1,0,0,0,1,0,0,0,6,3,1,0,0,0,0,0,0,0,0,0,0,0,0,0,0,0,0,0,0,4
"353240",4,1,0,1,26,78,41,3,6,3,0,0,0,0,0,0,0,0,0,0,0,1,0,0,3,1,1,0,3,6,0,1,1,0,0,0,1,0,4,4,0,0,0,0,0,0,0,0,0,0
"353250",160,11,2,246,12,798,80,9,88,689,0,0,0,1,0,2,0,0,12,3,0,2,0,2,1,1,0,3,0,0,0,0,0,1,0,0,0,1,0,0,0,0,0,0,0,0,0,0,0,0
"353260",119,8,4,17,84,77,26,1,4,436,0,0,0,0,0,0,0,1,1,0,0,0,2,0,0,1,0,0,0,0,0,0,0,0,0,0,0,0,0,0,2,0,1,0,0,1,0,0,0,0
"353270",33,3,0,43,6,167,17,1,0,39,0,0,0,1,0,1,0,2,0,0,0,2,0,0,0,0,0,0,0,0,2,0,0,0,0,0,0,0,0,0,0,0,0,0,2,0,0,0,0,0
"353280",92,27,0,269,7,178,145,21,17,687,0,0,0,0,1,0,0,1,0,0,0,0,2,2,2,0,1,0,1,0,0,0,0,0,0,1,1,0,0,0,1,0,0,1,0,0,0,1,0,0
"353284",13,19,2,8,5,305,13,10,2,24,0,0,0,0,0,0,1,0,0,0,0,0,0,0,0,0,0,0,1,0,0,0,0,0,0,0,0,0,0,0,0,0,0,0,0,0,0,0,0,0
"353286",43,0,0,0,1,0,32,0,0,26,0,0,0,0,0,0,0,0,0,0,0,0,0,0,0,0,0,0,0,0,1,0,0,1,0,0,0,0,0,0,0,0,0,0,0,0,0,0,0,0
"353290",141,12,2,140,26,58,33,8,12,592,0,0,0,0,0,0,0,0,0,0,0,0,0,0,0,1,0,0,0,0,0,0,0,0,0,0,0,0,0,0,0,1,0,0,0,0,0,0,0,0
"353300",889,10,12,158,1,190,117,11,16,576,0,3,0,1,2,2,1,1,1,5,0,1,2,2,2,2,1,0,1,2,0,0,0,0,0,0,0,0,0,0,2,0,1,2,1,0,0,0,0,2
"353310",1,0,20,3,1,79,2,0,0,46,1,0,4,2,0,1,4,4,0,2,0,0,0,0,0,0,0,0,0,0,0,0,0,0,0,5,3,0,0,0,0,0,0,0,0,0,0,0,0,0
"353320",7,5,4,74,10,58,40,0,9,174,0,0,0,2,0,0,0,0,0,2,0,0,0,0,0,0,0,0,1,0,1,1,0,0,0,7,0,0,0,0,0,0,0,0,0,0,0,0,0,0
"353325",1,48,46,5,7,189,8,3,1,64,0,0,0,0,0,0,0,0,0,0,1,3,0,1,0,0,0,0,1,1,1,0,0,0,0,0,0,0,0,0,0,0,0,0,0,0,0,0,0,0
"353330",24,1,52,8,13,21,5,8,8,121,0,0,0,0,0,0,0,0,0,1,0,0,1,0,0,0,0,0,0,0,0,0,0,0,0,0,0,0,0,0,0,0,0,0,0,0,0,0,0,0
"353340",384,76,11,199,630,2866,145,8,10,1191,0,0,0,0,0,1,0,0,0,0,5,12,5,3,9,6,4,3,4,9,1,0,3,0,0,0,0,0,0,0,0,0,0,0,0,0,0,1,0,0
"353350",132,53,5,57,21,355,59,26,10,793,1,1,0,0,0,0,0,0,1,0,0,5,1,2,2,1,0,3,2,2,0,1,0,1,0,0,0,0,0,0,1,0,0,0,0,0,0,0,0,0
"353360",48,20,0,99,3,181,247,0,5,237,0,0,0,0,0,0,0,0,0,0,0,0,0,0,0,0,0,0,0,0,1,0,0,1,1,0,0,0,0,0,0,0,0,0,0,0,0,0,0,0
"353390",364,70,72,657,135,543,212,18,122,3514,1,1,0,0,0,0,0,0,0,0,0,1,1,2,0,3,0,1,5,2,0,0,0,0,0,1,0,1,1,1,0,1,1,1,1,0,0,0,1,0
"353400",16,2,5,26,2,754,28,0,5,238,0,0,1,0,0,0,0,0,1,1,0,1,0,0,3,0,0,1,0,0,0,0,0,0,0,0,0,0,0,0,0,1,0,1,2,0,0,0,0,0
"353410",3,19,0,8,11,219,14,1,5,79,0,0,0,0,0,0,0,1,2,2,1,1,2,2,1,2,0,0,1,1,0,0,0,0,0,0,0,0,0,0,0,1,0,0,0,0,0,0,0,0
"353420",24,5,11,29,1,107,6,3,2,558,0,1,0,0,0,0,1,1,2,0,0,0,0,0,1,0,0,0,1,1,0,0,0,0,0,0,0,0,0,0,0,0,0,0,0,0,0,0,0,0
"353430",427,195,18,530,37,506,795,9,32,834,0,0,1,0,1,0,0,0,0,1,1,2,0,0,3,1,3,2,0,0,0,0,0,0,0,0,0,0,0,0,0,0,0,0,0,0,0,0,0,0
"353440",640,712,84,228,6589,2465,770,19,30,538,3,1,0,1,0,0,3,3,0,4,49,59,51,51,65,35,32,22,33,25,2,0,2,0,2,5,1,1,1,2,4,5,7,3,3,1,0,2,2,3
"353460",825,16,1,1232,17,835,208,1,2,1168,16,7,8,12,17,7,8,9,5,11,1,1,0,0,0,3,2,2,1,6,1,0,0,0,0,0,2,2,1,0,0,0,0,0,0,0,0,0,0,0
"353470",63,634,4,117,217,6260,91,14,24,337,0,1,1,0,0,0,0,1,0,0,1,3,5,6,3,18,2,3,3,6,1,1,3,1,1,2,0,2,1,2,1,2,0,3,0,1,0,0,0,0
"353475",35,10,1,98,36,250,96,20,8,364,0,0,0,2,0,1,0,1,3,4,0,1,3,1,0,1,0,2,1,2,0,0,0,0,0,0,0,0,0,0,0,1,0,1,0,0,0,0,0,0
"353480",57,9,2,38,34,167,12,0,2,163,0,2,7,8,2,4,2,6,3,2,0,1,0,0,0,0,0,0,1,0,0,0,0,1,1,4,0,0,3,0,0,0,0,0,0,0,0,0,0,0
"353490",12,2,7,149,18,175,51,0,2,207,9,6,4,3,2,2,1,3,3,2,0,1,0,0,0,1,1,0,1,0,0,2,0,0,0,2,0,0,0,0,0,0,0,0,0,0,0,0,0,0
"353500",121,7,1,38,11,334,69,6,149,1046,0,0,1,0,0,0,0,0,1,0,0,1,2,1,1,1,0,0,4,0,0,0,0,0,0,0,0,0,0,0,0,0,0,0,0,0,0,0,0,0
"353510",19,2,1,115,5,464,16,6,5,265,1,0,0,1,0,1,0,0,1,0,1,2,0,0,1,2,0,1,2,0,1,0,0,8,3,4,0,1,1,3,0,0,0,0,0,0,0,0,0,0
"353520",87,15,13,35,58,75,47,1,6,178,0,0,1,2,1,0,0,0,1,0,0,0,1,1,1,0,2,0,0,0,0,0,0,0,0,0,0,0,0,0,0,0,0,0,0,0,0,0,0,0
"353530",79,29,5,24,79,569,22,4,6,95,0,0,0,0,0,0,0,0,0,0,9,6,5,7,7,2,0,1,0,4,0,0,1,0,0,0,0,0,0,0,0,0,0,0,0,0,0,0,0,0
"353540",44,65,2,220,32,200,63,1,6,592,10,2,3,7,2,4,8,7,9,5,1,1,0,1,1,1,1,2,0,1,1,0,0,0,0,1,0,0,0,0,0,0,0,0,0,0,0,0,0,0
"353550",123,17,1,1255,174,4687,78,23,4,1596,0,0,0,0,0,0,1,2,0,0,0,0,20,5,3,4,10,4,9,7,2,1,2,1,0,3,2,0,0,0,2,0,1,0,0,1,0,0,1,1
"353560",2,4,3,3,6,170,18,3,5,21,0,0,0,0,0,0,0,0,0,0,2,3,2,4,13,2,1,1,4,3,0,0,0,0,0,1,1,0,0,0,0,0,0,0,0,0,0,2,0,0
"353570",3,2,3,15,8,87,10,0,2,40,0,0,1,0,0,0,0,1,0,0,0,1,2,0,2,1,0,0,0,3,0,0,0,0,3,4,1,0,0,0,0,0,0,0,0,0,0,0,0,0
"353580",4,2,0,0,1,102,5,1,1,4,0,0,0,0,0,0,0,0,0,0,0,0,0,1,0,1,3,0,0,2,0,0,0,0,0,0,0,0,0,1,0,0,0,0,0,0,0,0,0,0
"353590",13,2,0,10,40,360,48,9,31,136,0,0,0,0,2,0,0,0,0,0,0,1,0,0,1,0,0,0,0,0,0,0,0,0,0,0,0,0,0,0,0,0,0,0,0,0,0,0,0,0
"353600",174,54,22,243,33,446,18,1,4,279,0,5,1,0,1,0,0,1,2,2,0,0,0,0,0,1,0,0,0,1,0,0,0,0,0,0,0,1,0,1,0,0,0,0,0,0,0,0,0,0
"353620",23,84,2,1011,19,139,23,3,4,8,0,0,0,1,0,0,0,0,0,0,6,5,12,32,37,18,15,13,10,8,0,1,0,0,1,0,1,0,0,0,2,0,0,0,0,0,0,0,1,0
"353625",65,11,0,5,148,42,28,0,5,121,0,0,0,0,0,0,0,1,0,0,0,0,0,1,0,0,0,0,1,0,0,0,0,0,0,0,0,0,0,0,1,0,0,2,0,0,0,0,0,0
"353630",6,1,2,33,20,137,178,9,2,321,0,0,0,0,0,0,0,0,0,0,0,0,0,1,2,2,2,0,0,0,0,0,0,0,0,0,2,0,0,0,0,0,0,1,0,0,0,0,0,0
"353640",14,0,15,33,64,205,16,0,2,216,2,1,1,1,0,2,0,4,1,1,0,0,0,0,0,0,0,0,0,0,0,0,1,0,0,1,0,1,0,0,0,0,0,0,0,0,0,0,0,0
"353650",252,230,221,752,1020,3714,170,21,20,967,0,0,1,0,0,0,0,0,0,0,40,47,48,66,70,69,46,40,91,65,2,0,0,1,0,0,1,0,0,0,1,0,0,0,2,0,0,0,0,0
"353660",52,105,2,75,4,143,62,16,4,813,0,0,0,0,0,0,0,1,0,0,0,0,0,0,0,0,1,1,0,1,0,0,0,0,0,0,0,0,0,0,0,0,0,0,0,0,0,0,0,0
"353670",44,16,18,112,74,707,141,0,5,1204,0,0,0,0,1,1,0,1,1,0,1,1,2,0,2,0,8,3,1,15,0,0,0,0,0,0,0,1,0,0,0,0,0,0,0,0,0,0,1,0
"353690",15,7,1,60,30,39,14,0,2,35,2,0,0,0,0,0,1,0,0,1,1,0,0,0,0,0,0,0,2,1,0,0,0,0,0,0,0,0,0,0,0,0,0,0,0,0,0,0,0,1
"353710",53,14,0,88,1368,394,38,16,29,2720,0,0,0,0,0,0,0,0,0,0,9,10,3,4,10,7,8,13,28,37,0,0,0,0,2,0,0,0,1,0,0,0,0,0,0,0,0,1,0,2
"353715",1,1,0,19,11,74,0,4,0,24,0,0,0,0,0,0,0,0,0,0,1,0,0,0,0,0,1,0,0,0,1,0,0,0,0,0,0,0,1,1,0,0,0,0,0,0,0,0,0,0
"353720",69,0,1,317,3,202,5,5,1,13,0,0,0,0,0,0,0,0,0,0,0,0,3,3,1,1,2,1,3,8,6,2,1,1,2,2,7,2,1,1,0,0,0,0,0,0,0,0,0,0
"353730",1468,29,70,397,292,3044,161,46,13,2250,6,6,16,13,10,8,6,13,14,16,1,0,0,1,1,1,1,1,1,0,0,0,1,0,0,0,1,0,1,0,1,0,0,0,1,2,1,0,0,3
"353740",428,68,44,368,39,365,204,7,240,686,7,2,3,4,1,1,2,2,3,9,0,0,1,1,0,2,1,1,0,0,0,0,0,1,0,0,0,0,0,0,0,0,0,0,0,0,0,0,0,0
"353750",10,1,0,0,5,25,3,0,0,1,0,0,0,0,0,0,0,0,0,0,1,2,0,0,0,1,1,0,0,0,0,0,0,0,0,0,0,0,0,3,0,0,0,0,0,0,0,0,0,0
"353760",688,133,7,1037,316,2280,131,13,16,422,0,0,0,0,1,0,0,0,0,0,10,23,7,9,5,4,4,3,13,23,0,0,0,0,0,0,2,1,0,2,1,3,0,0,1,0,1,1,0,0
"353770",9,0,1,3,50,25,22,1,1,146,2,0,1,0,0,0,0,1,0,1,0,0,0,0,0,0,0,0,0,0,0,0,1,1,1,2,1,1,0,2,0,0,0,1,0,0,0,0,0,0
"353780",9,7,8,18,6,195,12,0,0,8,0,0,0,0,0,0,0,0,0,0,4,8,9,15,27,16,2,3,11,3,1,0,0,0,0,1,3,1,2,2,0,0,2,1,0,0,0,0,0,0
"353790",2,0,1,26,2,41,4,4,1,10,0,0,0,0,0,0,0,0,0,1,0,3,2,3,2,0,2,1,2,2,1,0,0,0,0,6,0,0,1,0,0,0,1,0,0,0,0,1,0,0
"353800",61,1199,53,726,2890,951,415,39,41,196,0,0,0,0,0,0,1,1,0,0,10,2,3,4,14,12,17,11,8,17,0,1,0,0,1,5,3,0,2,0,0,0,1,0,2,0,0,0,1,1
"353810",48,3,3,183,14,581,6,14,16,316,0,1,0,0,1,0,0,0,1,0,4,10,3,0,1,1,1,2,1,0,0,0,0,1,1,0,0,0,0,0,0,1,0,0,0,0,0,0,0,0
"353820",5,0,1,1,7,28,11,1,2,13,0,0,0,0,0,0,0,0,0,0,1,3,1,1,0,4,0,2,0,3,0,0,0,0,0,0,0,0,0,0,0,0,0,0,0,0,0,0,0,0
"353830",6,4,10,0,3,9,42,1,0,14,0,0,0,0,0,1,0,0,0,1,0,0,0,0,0,0,0,0,0,0,0,0,0,0,0,0,0,0,0,0,0,0,0,0,0,0,0,0,0,0
"353850",1,20,11,82,5,138,11,0,2,45,0,0,0,0,0,0,0,0,0,0,0,0,0,4,0,4,11,3,3,0,0,0,0,0,0,0,0,0,0,0,1,0,0,0,0,0,0,0,0,0
"353860",4,5,0,11,18,693,5,4,12,8,0,0,0,0,0,0,0,0,0,0,3,3,1,2,0,5,2,4,16,3,0,0,0,0,1,0,0,1,0,2,0,0,0,0,0,0,0,0,0,0
"353870",801,724,3060,2806,932,3734,2325,63,13,4099,0,0,0,1,0,1,0,1,0,0,105,96,76,115,122,124,119,135,88,116,5,6,4,0,2,1,1,0,1,2,5,4,1,1,4,2,1,2,0,1
"353880",8,7,2,2,4,68,8,1,3,21,0,0,0,0,0,0,0,0,0,0,7,7,3,6,5,3,2,0,1,1,1,1,0,6,1,1,4,4,0,3,0,0,0,0,0,0,0,0,0,0
"353890",17,13,0,308,16,1524,78,3,2,1010,1,0,0,0,0,1,0,0,1,0,0,0,0,0,0,0,0,2,1,0,0,0,0,0,0,0,0,0,0,0,0,0,0,0,0,0,0,0,0,0
"353900",105,10,1,64,39,956,82,6,37,80,0,0,0,1,0,0,0,0,0,0,1,4,1,2,0,0,1,2,2,0,0,0,0,0,1,0,0,0,0,1,0,0,0,0,0,0,0,0,0,0
"353910",6,156,5,10,77,301,29,14,3,26,0,0,0,0,0,0,1,0,0,0,7,9,3,2,5,1,0,1,1,2,2,0,0,0,0,0,0,0,0,1,0,0,0,0,0,0,0,0,0,0
"353920",17,5,3,40,26,1573,142,1,0,334,1,1,1,0,0,2,3,4,4,1,2,1,0,1,0,2,0,1,0,0,1,0,0,0,0,0,1,0,0,0,1,2,1,0,1,1,0,0,0,0
"353930",252,249,8,222,104,4329,104,2,5,286,0,0,0,0,0,0,0,0,0,0,1,5,9,11,2,2,5,4,2,2,0,0,2,2,1,1,0,0,1,0,0,0,0,0,2,0,0,0,0,0
"353940",12,21,0,77,0,427,32,3,4,674,5,1,1,1,0,0,0,0,0,0,0,0,0,2,0,0,0,0,0,0,0,0,0,0,0,0,0,0,0,0,0,0,0,0,0,0,0,0,0,0
"353950",402,198,97,702,47,283,468,63,551,86,0,2,0,0,0,0,0,1,0,0,1,2,4,0,3,3,2,3,4,2,2,1,2,0,1,0,7,1,0,0,0,1,0,0,0,0,0,0,0,0
"353960",32,5,1,302,35,321,63,6,6,149,0,0,0,0,1,0,0,0,0,0,1,0,0,0,0,0,0,3,1,0,0,0,0,0,1,0,0,0,0,0,0,0,0,0,1,0,0,1,0,0
"353970",3,0,0,31,9,37,3,3,1,19,0,0,0,0,0,0,0,0,0,0,1,0,1,0,3,1,0,0,0,3,0,0,0,0,0,2,0,0,0,0,0,0,0,0,0,0,0,0,0,0
"353980",29,14,6,11,26,399,201,59,19,306,0,0,0,0,0,0,0,0,1,0,24,25,10,11,9,11,19,7,7,13,0,0,0,0,0,1,0,0,1,1,0,0,0,0,0,1,0,0,0,0
"353990",25,2,1,13,3,71,46,2,3,192,0,0,0,0,0,0,0,1,0,0,1,0,1,0,0,1,1,1,0,0,0,0,0,1,0,0,0,0,0,0,1,0,2,0,0,0,0,0,0,0
"354000",29,4,0,94,106,897,9,1,1,290,0,0,0,1,5,6,3,8,4,0,1,0,1,1,5,4,2,1,2,0,0,0,0,0,1,0,0,0,0,0,1,0,0,0,2,0,0,0,0,0
"354010",1,0,0,14,0,29,1,0,0,6,0,0,0,0,1,0,0,0,0,0,0,0,0,0,0,0,0,0,0,0,0,0,0,0,0,0,0,0,0,0,0,0,0,0,0,0,0,0,0,0
"354020",1203,272,790,490,121,254,1015,8,7,98,0,0,0,1,0,0,0,1,1,0,0,2,0,4,1,1,0,3,1,5,0,0,0,0,1,2,0,0,0,0,0,0,3,0,1,0,0,0,0,0
"354025",14,1,0,32,8,127,26,0,2,221,0,1,1,1,0,0,1,0,0,0,0,0,0,1,0,0,0,0,0,0,0,0,0,0,0,0,0,3,0,0,0,0,0,0,0,0,0,0,0,0
"354030",57,4,5,244,46,123,41,1,4,138,0,1,0,0,0,0,0,0,0,0,0,0,0,0,0,0,0,1,0,0,0,0,0,0,0,0,0,0,0,0,0,0,0,0,0,0,0,0,0,0
"354040",4,0,0,136,2,119,80,0,1,39,0,0,1,0,0,1,0,0,0,0,0,0,0,3,0,1,1,0,0,0,0,0,2,0,0,0,1,1,0,0,0,0,0,1,0,0,0,0,0,0
"354050",2,0,0,1,17,29,1,0,0,0,0,0,0,0,0,0,0,0,0,0,0,0,0,1,0,0,0,1,0,1,0,0,0,0,0,0,0,0,0,0,0,0,0,0,0,0,0,0,0,0
"354060",52,268,21,29,130,765,64,0,443,38,0,0,0,0,1,2,0,2,0,0,17,22,21,16,8,9,20,18,31,18,1,2,1,2,1,2,0,1,2,1,0,0,2,0,0,0,0,0,0,0
"354070",426,68,18,138,839,4505,243,34,32,248,0,0,0,0,0,0,0,0,0,0,0,1,0,0,1,3,2,0,0,3,0,0,0,1,0,1,0,0,0,0,0,2,0,0,0,0,1,0,0,0
"354075",2,465,1735,52,131,1030,27,12,13,2859,0,0,1,0,0,0,1,0,0,0,4,0,3,9,0,5,3,2,2,3,0,0,0,0,0,0,0,0,0,0,0,0,1,1,0,0,0,0,0,0
"354080",84,10,1,83,40,175,193,9,11,718,0,0,0,2,0,0,1,1,0,1,1,1,0,2,0,1,2,4,1,1,0,0,0,0,0,1,0,0,0,0,0,0,0,1,0,1,3,1,0,0
"354085",1,0,0,13,0,30,1,1,0,93,0,1,0,0,0,1,1,3,1,1,0,0,0,0,1,0,0,0,0,0,0,0,0,0,0,0,0,0,0,0,0,0,0,0,0,0,0,0,0,0
"354090",51,153,1,55,12,77,97,3,0,258,1,0,0,0,0,1,0,0,0,0,0,1,1,0,1,0,3,2,0,1,0,0,0,0,0,1,2,0,0,1,0,0,1,0,0,0,1,0,0,0
"354100",8297,164,305,9125,374,3441,720,174,68,2171,1,0,0,0,0,0,0,0,0,0,29,22,32,35,24,29,13,19,24,47,0,1,0,2,0,1,0,0,1,1,1,0,6,1,3,0,0,1,2,0
"354120",14,31,2,36,13,114,57,1,0,75,0,0,0,2,1,2,0,2,0,1,0,2,0,0,1,0,0,0,0,0,0,0,1,0,0,0,0,1,0,0,0,0,0,0,1,0,0,0,0,0
"354130",250,52,256,759,64,280,772,5,23,896,1,0,0,0,2,5,10,11,20,16,1,1,1,0,4,3,1,4,0,1,1,0,0,0,0,1,1,0,1,1,0,1,0,0,0,0,0,0,0,0
"354140",381,208,264,3791,236,3562,13034,17,41,7602,6,1,7,3,5,8,24,28,28,12,14,23,9,9,5,14,7,4,14,6,8,1,0,2,2,0,1,0,2,3,1,7,5,1,1,0,0,4,3,3
"354150",33,5,74,425,21,587,196,6,5,657,2,5,16,14,8,12,4,8,8,7,0,1,0,0,0,1,2,0,2,0,0,0,0,0,1,2,2,2,1,0,1,1,0,0,0,1,0,0,0,0
"354160",166,39,13,57,496,422,26,0,3,956,3,1,1,1,0,0,1,1,1,1,0,0,1,1,0,1,0,2,2,2,0,0,1,0,0,0,0,0,0,0,0,1,0,0,0,0,0,1,1,1
"354170",58,5,1,44,11,338,87,1,1,433,0,1,0,0,0,0,0,0,0,0,1,1,1,0,1,1,1,0,0,0,0,0,0,0,0,0,0,1,1,0,0,0,0,2,0,0,0,0,0,0
"354180",1,1,0,8,7,58,0,0,0,178,0,0,0,0,0,0,0,0,1,0,0,0,0,1,0,0,0,0,0,0,0,0,0,0,0,0,0,0,0,0,0,0,0,0,0,0,0,0,0,0
"354190",2,9,4,447,10,362,59,1,0,12,0,0,0,0,0,0,0,0,0,0,0,2,1,1,4,6,2,1,0,2,0,0,0,0,0,0,0,0,0,0,0,0,0,0,0,0,0,0,0,0
"354200",7,4,0,6,5,175,9,0,1,65,0,0,0,0,1,0,1,2,1,1,0,0,0,0,0,0,1,0,1,0,0,0,0,0,0,0,0,0,0,0,0,0,0,0,0,0,0,0,0,0
"354210",15,0,0,3,11,209,138,0,0,74,0,0,0,0,0,0,0,0,0,0,0,0,2,2,0,1,1,0,0,6,0,0,0,0,0,0,0,0,0,0,0,0,0,0,0,0,0,0,1,0
"354220",35,62,4,172,79,425,360,5,4,629,0,2,3,1,0,1,0,0,1,3,3,1,3,1,2,2,0,2,1,2,0,0,0,0,1,0,0,0,0,0,0,0,0,0,0,0,0,0,0,0
"354230",4,3,2,4,40,13,5,3,4,11,0,0,0,0,0,0,0,0,0,0,0,0,0,0,0,0,0,0,1,0,0,0,0,0,0,0,0,0,0,0,0,0,0,0,0,0,0,0,0,0
"354240",49,12,2,105,9,119,331,8,6,114,0,0,0,0,1,0,0,1,0,3,0,3,0,1,1,1,0,0,1,0,0,0,0,0,0,0,0,0,0,0,0,0,0,0,0,0,0,0,0,0
"354250",4,1,1,6,1,20,4,0,0,111,0,0,0,0,0,0,0,0,0,0,0,0,0,1,0,1,0,0,0,0,0,0,0,0,0,0,0,0,0,0,0,0,0,0,0,0,0,0,0,0
"354260",845,34,3,2433,22,344,235,8,1,213,0,0,0,0,0,0,0,0,0,3,11,17,7,16,17,10,7,11,5,19,0,0,0,0,0,0,0,0,0,1,0,1,2,0,0,0,1,1,1,2
"354270",5,9,1,18,5,91,14,2,6,109,0,0,0,0,0,0,0,0,0,0,2,0,0,3,0,1,0,0,0,0,0,0,0,0,0,0,0,0,0,0,0,0,0,0,0,0,0,0,0,0
"354290",10,1,5,15,229,451,56,0,2,282,0,0,0,0,0,0,0,0,0,0,2,0,0,0,0,1,0,0,1,1,0,0,0,0,0,1,0,1,0,0,0,0,0,0,0,0,0,0,0,0
"354310",6,2,1,20,52,18,19,0,0,62,0,0,0,0,0,2,0,0,1,0,0,0,0,0,0,0,0,0,0,1,0,0,0,0,0,0,0,0,0,0,0,0,0,0,0,0,0,0,0,0
"354320",5,0,0,41,4,123,3,0,3,42,0,0,0,0,0,0,0,0,0,0,0,0,0,0,0,0,0,0,0,6,0,0,0,0,0,0,0,0,0,0,0,0,0,0,0,0,2,0,0,0
"354330",17,2,4,12,16,88,59,9,3,26,0,0,0,0,0,1,0,0,0,0,15,20,6,10,10,5,3,5,4,14,0,2,0,0,0,0,0,0,0,0,0,1,0,0,1,0,0,0,0,0
"354340",29980,25312,366,13758,438,5643,35425,270,269,14409,2,2,2,0,3,3,3,4,1,3,39,45,41,50,33,36,37,34,21,17,12,4,4,3,15,17,12,9,2,8,9,13,8,12,16,13,7,12,7,6
"354360",37,3,0,87,48,135,25,8,77,17,0,0,0,0,0,0,0,0,0,0,0,0,0,0,0,0,0,0,0,0,0,0,0,0,0,0,0,0,0,0,0,0,0,0,0,0,0,0,0,0
"354370",664,11,4,146,3,157,6,2,18,595,0,0,0,0,0,0,0,0,0,0,0,1,1,0,1,1,0,1,0,0,0,0,0,0,0,0,0,0,0,2,0,0,0,0,1,0,0,0,0,0
"354380",55,2,7,70,11,367,19,1,9,487,1,1,2,1,3,1,0,0,2,1,0,0,0,0,0,0,0,0,0,0,1,1,0,0,0,2,0,0,2,3,0,0,1,0,0,0,0,0,0,0
"354390",424,1771,221,1114,693,21630,105,17,28,1407,0,1,0,0,0,0,0,0,0,1,19,24,12,17,6,19,7,15,8,10,7,2,2,1,2,1,1,1,0,0,0,0,0,0,0,1,0,2,0,1
"354400",6,74,18,106,15,436,104,3,1,61,0,0,0,0,0,0,0,0,0,0,5,4,2,2,4,0,6,4,2,3,0,0,0,0,0,0,0,0,1,0,0,0,0,0,0,1,0,0,0,0
"354410",2,2,2,5,16,56,14,2,1,55,0,0,0,0,0,0,0,0,0,0,6,6,4,5,1,1,3,0,3,3,0,0,0,0,0,0,0,0,0,0,0,1,0,0,0,0,0,0,0,0
"354420",56,63,2,100,38,190,21,10,8,411,1,1,0,0,1,0,0,1,0,2,1,1,0,0,1,0,2,0,0,2,0,0,0,0,0,0,0,1,0,1,0,0,0,0,0,0,0,0,0,0
"354425",13,7,25,149,760,577,40,0,5,1062,0,0,1,0,0,0,2,1,1,0,0,0,2,2,0,1,1,0,0,0,0,0,0,0,0,2,5,0,1,1,2,4,0,0,0,0,1,0,0,0
"354430",3,12,63,21,29,294,12,3,7,34,0,0,0,0,1,0,0,0,0,0,0,1,0,0,2,1,2,1,0,0,0,0,0,0,0,1,0,1,1,0,0,0,0,0,0,0,0,0,0,0
"354440",12,4,2,13,7,137,5,0,16,87,0,1,0,0,0,0,0,0,0,0,0,0,0,0,0,0,0,1,0,0,0,0,0,1,0,0,0,0,0,1,0,0,0,0,0,0,0,0,0,0
"354450",65,20,3,49,137,60,14,6,8,161,1,0,1,3,1,1,0,2,0,0,0,0,0,2,0,0,0,0,0,1,0,0,0,0,0,0,0,0,0,0,0,0,0,0,0,0,0,0,0,0
"354460",6,1,0,1,1,125,2,0,2,11,0,0,0,0,0,0,0,0,0,0,0,1,0,0,0,0,0,0,0,0,0,0,0,0,0,0,0,0,0,0,0,0,0,0,0,0,0,0,0,0
"354470",71,0,0,56,3,49,6,0,0,166,2,0,0,0,1,0,0,1,1,1,0,0,0,0,0,0,0,0,0,0,0,0,0,0,0,0,0,0,0,0,0,0,0,0,0,0,0,0,0,0
"354480",51,2,11,22,20,395,14,9,3,378,0,0,0,0,0,0,0,0,0,0,0,1,0,0,0,2,0,0,0,1,0,0,0,0,0,0,0,1,0,0,0,0,0,0,0,0,0,0,0,0
"354490",19,173,4,345,90,28,204,22,5,180,0,0,0,0,0,0,0,0,0,0,2,0,0,0,0,1,0,1,0,0,0,0,0,0,0,0,0,0,0,0,0,0,0,0,0,0,0,0,0,0
"354500",2,0,0,4,5,22,7,1,1,5,0,0,0,0,0,0,0,0,0,0,0,4,0,2,0,4,0,0,0,0,0,0,0,0,0,0,0,0,0,0,0,0,0,0,0,0,0,0,0,0
"354510",18,3,0,39,20,95,2,0,1,198,2,1,1,3,2,4,0,3,0,6,0,0,0,0,0,2,0,0,0,1,1,2,0,0,3,6,1,2,2,2,0,0,1,0,0,0,0,0,0,0
"354515",8,3,59,15,11,94,57,0,1,47,0,0,0,0,0,0,0,0,0,0,0,0,1,1,1,3,2,3,3,3,0,0,0,0,0,0,0,0,1,0,0,0,0,0,0,0,0,0,0,0
"354520",62,106,143,125,155,1504,279,11,17,225,0,0,4,0,2,1,0,0,0,1,14,9,9,14,16,16,13,12,20,10,1,1,2,2,0,1,0,0,0,0,2,0,1,2,1,0,0,1,0,0
"354530",21,2,2,121,10,1983,52,0,7,25,0,0,0,0,0,0,0,0,0,0,2,3,3,0,2,3,3,3,4,4,0,0,2,0,0,1,0,1,0,0,0,1,0,0,1,0,0,0,0,0
"354540",4,5,0,18,8,102,12,0,0,83,0,0,0,1,0,0,0,0,0,0,2,0,0,0,0,2,0,1,0,3,0,0,0,0,0,0,0,0,0,0,0,0,0,0,0,0,0,0,0,0
"354560",39,2,0,106,10,365,12,6,6,266,0,0,0,0,0,0,1,0,0,0,0,0,1,2,2,4,1,1,2,1,0,0,0,0,0,0,0,0,0,0,0,0,0,0,0,0,0,0,1,0
"354570",93,10,5,66,7,276,8,1,1,210,0,0,0,0,2,0,0,0,1,1,0,1,1,0,0,1,1,0,0,1,0,0,0,0,0,0,0,0,0,0,0,1,0,0,0,0,0,0,0,0
"354580",1223,797,74,532,3342,4766,476,44,26,3993,0,1,0,0,0,0,0,0,0,0,34,41,24,30,17,16,14,8,10,10,1,1,0,1,2,0,1,2,0,0,1,0,1,1,0,0,0,1,1,0
"354600",6,23,4,12,31,232,103,17,12,66,0,0,0,0,0,0,0,0,0,0,2,4,5,1,0,4,0,0,2,0,0,0,0,0,2,0,1,0,1,0,0,0,0,0,0,0,0,0,0,0
"354610",3,25,0,16,5,77,47,0,3,33,0,1,0,1,0,0,1,0,0,0,0,0,1,0,0,1,0,0,0,0,0,0,0,0,0,0,0,0,0,0,0,0,0,0,0,0,0,0,0,0
"354620",4,6,0,36,22,31,5,0,2,60,0,0,0,0,0,0,0,0,0,0,1,0,1,1,1,2,5,2,0,3,0,0,0,0,0,0,0,0,0,0,0,0,0,0,0,0,0,0,0,0
"354630",634,33,1,25,46,912,40,19,10,98,0,0,0,0,0,0,0,1,0,0,0,0,0,1,0,0,6,0,0,1,0,0,0,0,0,0,0,0,0,0,0,0,0,0,0,0,0,0,0,0
"354640",11,164,1,36,59,758,56,3,19,808,0,0,0,0,0,0,0,3,0,1,1,2,2,5,9,14,6,6,4,9,1,0,0,0,0,0,1,0,1,0,0,2,0,1,0,0,0,0,0,1
"354650",26,1,3,34,2,196,59,3,4,162,0,0,0,0,0,0,0,0,0,0,0,0,0,0,0,0,0,0,0,0,1,1,0,0,0,0,0,0,0,0,0,0,0,0,0,0,0,0,0,0
"354660",563,952,26,534,88,538,804,5,20,1260,6,8,6,2,7,5,4,4,1,2,2,0,1,1,1,3,2,2,2,2,0,0,0,1,0,1,1,0,0,1,1,0,1,0,2,2,0,1,0,1
"354670",13,23,12,730,60,500,6,1,0,66,0,0,1,1,0,0,1,0,0,0,0,1,0,2,7,6,3,4,10,9,0,0,0,0,2,0,1,0,0,0,0,0,0,0,0,0,0,0,0,0
"354680",16,4,15,8,56,397,127,26,26,40,0,0,0,0,0,0,0,0,1,0,6,9,5,12,25,23,5,2,8,6,4,0,0,0,0,1,0,0,2,2,0,0,0,0,0,0,0,0,0,0
"354690",3,14,40,6,23,122,39,5,8,223,0,0,0,0,0,0,0,0,0,0,0,1,1,0,0,0,0,0,0,0,0,0,0,0,1,0,0,0,0,0,0,0,0,0,0,0,0,0,0,0
"354710",3,3,0,4,2,122,13,1,3,27,0,0,1,1,1,0,1,0,2,1,0,0,0,0,0,1,0,0,0,0,0,0,0,0,0,1,0,0,0,0,0,0,0,0,0,0,0,0,0,0
"354720",20,9,0,3,5,54,3,0,2,33,0,0,0,0,0,0,0,0,0,0,0,0,0,0,0,0,0,0,0,0,0,0,0,0,0,0,0,0,0,0,0,0,0,0,0,0,0,0,1,0
"354730",75,400,12,72,430,1732,353,35,7,102,1,0,1,1,0,0,0,1,0,0,17,19,9,20,7,11,17,10,10,8,5,1,1,0,0,1,0,0,0,0,0,1,1,3,1,0,0,0,0,0
"354740",11,18,0,41,3,181,13,1,0,157,0,0,0,1,0,0,0,0,0,0,0,0,0,0,0,0,0,0,1,0,0,0,0,0,0,0,0,0,0,0,0,0,0,0,0,0,0,0,0,0
"354750",34,48,2,37,67,829,100,12,19,77,0,0,0,0,0,0,0,0,0,0,0,0,0,0,2,0,1,0,0,1,0,0,0,1,0,1,0,0,0,0,0,0,0,0,0,0,0,0,0,0
"354760",163,299,9,139,48,336,278,21,5,67,0,0,0,0,0,0,0,0,0,0,0,1,2,1,3,0,1,1,2,0,1,0,0,0,1,2,1,0,1,0,0,1,0,1,0,0,0,0,0,0
"354765",3,0,0,13,4,45,12,1,4,109,0,0,0,0,0,0,0,0,0,0,0,0,0,0,0,0,0,0,0,0,0,0,0,0,0,0,0,0,0,0,0,0,0,0,0,0,0,0,0,0
"354770",17,25,12,519,28,199,917,9,0,477,1,1,1,0,0,6,2,3,2,2,2,1,0,0,2,2,0,1,0,0,0,0,0,0,2,2,0,1,0,0,0,1,0,0,0,0,0,0,0,0
"354780",318,117,55,192,481,1674,511,37,15,357,2,0,0,1,0,2,0,0,2,5,66,83,49,40,45,45,45,32,39,47,2,0,1,0,0,0,1,0,0,0,8,3,7,3,3,4,1,0,2,4
"354790",6,11,1,6,1,20,88,1,1,5,0,0,0,0,0,0,0,0,0,0,0,1,0,1,0,0,0,2,1,1,0,0,0,0,1,0,2,1,1,0,0,0,0,0,0,1,1,0,0,0
"354800",47,405,94,58,390,3198,170,28,911,52,0,0,0,0,0,0,0,0,0,0,5,5,7,6,3,6,6,35,25,25,0,0,0,0,1,0,0,0,1,0,1,0,0,0,0,0,0,0,0,0
"354805",122,3,5,21,113,78,32,0,4,96,1,0,0,0,1,0,1,0,1,2,0,0,0,0,0,0,0,0,0,0,0,0,1,0,0,0,0,0,0,0,0,0,0,0,0,0,0,0,0,0
"354810",1,2,0,2,3,73,8,3,2,2,0,0,0,0,0,0,0,0,0,0,0,0,1,4,3,3,2,2,0,0,1,0,2,1,0,0,0,0,0,0,0,0,0,0,0,0,0,0,0,0
"354840",7,2,2,60,16,53,33,0,1,41,0,0,2,1,0,0,0,0,0,2,0,0,0,0,0,0,0,0,0,0,0,0,0,0,0,0,0,0,0,0,0,0,0,1,0,0,0,0,0,0
"354850",8278,185,1224,11218,3647,5184,1987,324,202,638,0,0,0,0,2,0,0,0,0,1,41,47,52,127,51,76,32,45,61,60,0,2,2,0,0,0,1,3,4,4,4,2,21,2,3,5,1,0,10,5
"354870",349,220,70,246,636,3341,1296,60,70,485,1,1,3,0,0,0,0,1,3,1,80,69,49,49,51,55,30,36,52,52,4,2,2,1,1,0,1,1,0,0,2,11,3,50,2,2,0,0,3,5
"354880",81,35,15,44,82,731,150,13,15,79,0,0,0,1,1,2,0,1,0,0,8,8,7,5,12,11,6,7,12,10,0,0,1,1,1,0,0,0,0,0,1,0,1,4,1,0,0,0,0,1
"354890",292,145,29,363,358,8565,412,37,38,7745,0,0,0,1,2,0,0,2,2,2,3,17,4,7,10,5,11,8,8,6,0,0,0,4,6,9,5,2,3,4,1,4,5,1,0,0,3,3,1,2
"354900",6,110,0,93,27,51,12,0,4,166,0,1,0,1,0,0,0,0,0,0,0,0,0,0,0,0,0,0,2,0,0,0,0,0,0,0,0,0,0,0,0,0,0,0,0,0,0,0,0,0
"354910",23,34,10,60,596,5725,78,11,5,240,0,0,0,0,0,0,0,0,0,0,1,1,2,1,2,3,2,1,3,2,1,0,0,0,0,0,0,0,0,0,2,0,0,1,1,0,0,1,0,0
"354920",18,3,2,16,1,151,15,1,1,61,0,0,0,1,1,1,1,0,0,0,0,0,0,2,1,0,1,0,0,1,2,0,0,0,0,0,0,0,0,0,0,0,0,0,0,0,0,0,0,0
"354925",4,1,3,9,7,8,6,4,33,36,0,0,0,0,1,0,1,0,0,0,0,0,0,0,2,1,0,1,0,0,0,0,0,0,0,0,0,0,0,0,0,0,0,0,0,0,0,0,0,0
"354930",1,1,0,1,22,33,37,1,1,31,0,4,1,1,0,0,0,1,1,1,0,0,0,0,0,0,0,0,0,0,0,0,0,0,0,5,2,0,0,0,0,0,0,0,0,0,0,0,0,0
"354940",677,880,17,1131,122,869,707,40,350,5892,0,0,0,0,0,0,0,0,2,1,0,1,0,1,1,1,0,2,0,3,0,1,0,0,0,0,1,0,1,0,0,0,0,0,0,1,0,0,0,0
"354950",5,1,13,53,0,54,303,3,2,289,0,0,0,0,0,0,0,0,0,0,1,1,0,2,0,0,0,0,0,0,0,0,0,0,0,0,0,0,0,0,0,0,0,0,0,0,0,0,0,0
"354970",40,55,4,344,52,1102,114,13,11,274,0,0,0,0,0,0,0,0,0,0,3,1,1,2,0,0,0,0,0,2,0,0,0,0,0,1,0,0,0,0,0,0,0,1,0,0,0,0,1,0
"354980",24438,972,478,18795,1233,22183,16340,603,983,33237,4,6,6,14,11,6,11,19,19,11,39,84,75,95,48,51,44,34,38,29,2,1,4,0,5,3,0,1,3,0,18,14,22,24,11,10,11,5,9,6
"354990",1056,2538,159,860,913,14574,1741,462,195,674,0,0,0,1,0,3,3,2,3,3,58,56,90,113,95,119,77,93,108,85,0,1,1,0,1,2,3,1,1,1,7,1,9,3,2,0,0,5,2,2
"354995",4,3,0,7,14,61,18,1,2,3,0,0,0,1,0,0,2,0,0,0,6,7,3,0,2,1,8,2,1,3,1,0,0,0,1,1,0,0,0,0,0,0,0,1,1,0,0,0,0,0
"355000",4,10,5,11,25,25,15,9,8,18,0,0,0,0,0,0,0,0,0,0,7,0,2,1,0,0,0,0,4,0,0,0,0,0,0,0,0,0,0,1,0,0,0,0,0,0,0,0,0,0
"355010",8,9,3,8,5,375,71,1,1,98,0,1,0,0,0,0,1,0,0,0,2,3,0,1,0,4,4,1,2,1,0,1,0,0,0,0,0,0,1,1,0,0,0,0,0,0,0,0,0,0
"355020",1,2,2,5,3,65,16,2,0,24,0,0,0,0,0,0,0,0,0,0,0,0,5,0,0,5,2,1,5,8,0,0,0,0,0,1,1,1,0,1,0,0,0,0,0,0,0,1,0,0
"355030",8754,5989,1844,4757,34149,56115,18667,761,1047,19279,22,23,22,13,26,21,29,22,20,26,1798,1551,1040,1219,1147,1043,824,813,779,913,37,50,39,30,30,26,14,16,27,27,142,123,139,112,76,77,79,62,68,62
"355040",7,9,11,159,1112,386,12,1,1,162,0,0,0,0,0,0,0,0,0,2,0,2,1,4,3,4,2,1,2,1,0,0,0,0,1,1,0,0,0,0,0,0,0,0,0,1,0,0,2,0
"355060",9,15,8,40,91,635,83,3,8,16,0,0,0,0,1,1,0,0,0,0,19,8,9,13,7,13,17,11,4,3,2,6,1,1,3,0,1,1,0,2,0,1,1,0,0,0,0,0,0,0
"355070",1734,396,84,781,1714,4909,59,17,90,1466,1,0,0,0,0,1,0,0,1,0,5,8,2,24,10,9,4,5,13,3,3,0,1,2,2,4,1,3,7,1,4,2,1,3,5,2,3,7,12,5
"355080",1,1,1,3,7,39,3,17,3,15,0,0,0,0,0,0,0,0,0,0,0,0,0,0,0,0,0,0,0,0,0,0,0,0,0,0,0,0,0,0,0,0,0,0,0,0,0,0,0,0
"355090",53,202,6,332,3,309,816,12,9,646,1,0,0,0,0,0,0,0,0,0,0,2,0,1,3,1,2,1,0,1,0,0,0,0,0,1,0,0,1,0,0,0,0,0,0,0,0,0,0,0
"355100",6171,86,530,4261,613,2520,838,92,26,86,0,0,1,0,0,0,0,0,0,3,49,29,65,87,70,96,52,57,89,67,0,1,1,1,0,0,0,0,0,1,4,1,11,2,3,2,0,2,0,0
"355110",1,4,1,6,3,78,5,1,4,10,0,0,0,0,0,0,0,0,0,0,0,1,0,0,0,0,0,0,1,0,0,0,0,0,1,0,2,7,6,0,0,0,0,0,0,0,0,0,0,0
"355130",14,0,0,12,12,21,4,1,8,39,0,0,0,0,0,3,0,0,0,0,0,0,0,1,0,0,1,3,0,0,0,0,0,0,0,0,0,0,0,0,0,0,0,0,0,1,0,0,0,0
"355140",54,349,2,108,7,235,121,3,0,263,0,0,0,0,0,0,0,0,0,0,0,0,0,0,0,0,0,1,1,1,3,0,0,0,0,1,0,0,1,0,0,0,0,0,0,0,0,0,0,0
"355150",540,915,47,530,53,448,683,20,9,814,0,0,0,0,0,0,0,2,3,0,0,2,1,2,3,2,1,2,4,2,1,5,2,3,3,4,5,3,3,2,0,0,1,1,0,0,0,0,0,0
"355160",2,4,1,4,40,256,33,0,0,19,0,0,0,0,0,0,0,0,0,0,9,38,11,11,12,14,3,11,10,15,0,0,1,0,0,0,1,0,0,2,0,0,0,0,0,0,0,0,0,0
"355170",504,1283,66,589,237,1052,3117,9,25,1663,0,0,0,0,0,1,0,0,1,1,10,4,2,7,7,3,4,3,5,3,2,0,0,0,2,3,0,0,0,1,1,1,0,0,1,0,3,0,2,3
"355180",28,1,0,273,8,55,6,30,1,78,0,0,0,0,0,0,0,0,0,0,5,1,4,3,1,6,1,3,0,7,7,12,8,5,4,5,0,0,1,2,0,0,1,0,0,0,0,0,0,1
"355190",120,3,6,212,30,190,65,4,3,815,0,0,0,0,1,0,0,0,0,0,0,0,1,1,0,0,1,0,0,0,0,0,0,0,0,0,0,1,0,1,0,0,0,0,1,1,0,0,0,0
"355200",1,7,2,4,1,18,1,1,1,30,0,0,0,0,0,0,0,0,0,0,1,0,0,1,1,2,0,1,0,1,2,1,0,0,0,0,0,0,0,0,0,0,0,0,0,0,0,0,0,0
"355210",10,3,2,6,11,546,28,0,15,155,0,0,0,0,0,0,0,0,0,0,5,19,0,6,4,19,4,5,10,11,9,0,2,2,1,0,0,0,0,1,0,0,0,0,0,0,0,0,0,0
"355220",424,1782,27,719,450,56779,365,67,45,1082,0,1,1,1,3,2,0,6,8,6,117,144,77,92,76,131,82,82,77,87,4,9,15,13,9,8,3,4,10,2,3,8,6,8,4,2,3,1,3,3
"355230",26,6,2,147,17,431,35,7,10,534,0,1,0,0,1,0,0,0,3,2,0,0,0,0,0,0,0,0,1,0,0,0,0,1,0,0,0,0,0,0,0,0,0,0,0,0,0,0,0,0
"355240",1808,1508,357,2604,4759,14538,472,59,33,2876,2,0,0,0,0,1,1,1,1,0,45,172,32,40,75,47,33,24,34,35,4,1,2,3,4,1,1,4,0,2,0,0,1,0,3,0,0,0,0,1
"355250",42,18,11,17,45,638,476,28,37,544,0,0,0,0,0,1,0,0,0,0,39,39,29,20,24,18,24,14,20,15,0,0,1,1,1,2,1,0,0,0,3,5,1,0,1,0,1,3,3,0
"355255",7,11,2,17,69,199,24,0,10,297,0,0,0,0,1,0,0,0,0,1,0,0,0,0,0,0,0,0,0,0,0,0,0,1,0,0,0,0,0,0,0,0,0,0,0,0,0,0,0,0
"355260",17,5,16,89,15,721,12,8,9,637,0,1,1,0,0,0,0,0,0,0,1,2,3,5,2,0,0,0,3,0,0,0,0,0,1,0,0,0,1,0,1,0,0,1,0,0,0,0,0,0
"355270",516,15,9,108,7,326,290,4,4,363,0,0,0,0,0,0,0,0,0,0,1,0,0,0,1,1,0,0,1,0,0,0,0,0,0,0,0,0,0,0,0,0,0,0,0,0,0,0,0,0
"355280",512,156,119,108,1216,3362,408,80,58,362,0,4,0,1,1,0,0,0,1,0,26,18,25,16,40,18,13,20,14,18,2,1,1,1,0,0,1,1,0,2,2,1,2,0,1,0,0,0,3,0
"355290",8,0,0,108,2,18,21,3,3,22,0,0,0,0,0,0,0,1,1,0,1,2,1,0,0,0,0,1,0,1,0,0,0,0,0,0,0,0,0,0,1,0,0,0,0,0,0,0,0,0
"355300",38,0,1,0,0,32,6,0,0,19,0,0,0,0,0,0,0,0,0,0,5,0,0,0,1,4,0,0,0,0,0,0,0,0,0,0,0,0,0,0,0,0,0,0,0,0,0,0,0,0
"355310",129,8,7,97,3,114,31,25,1,109,0,0,0,0,0,0,0,0,0,0,0,0,0,2,0,0,0,0,0,0,0,0,0,0,0,0,0,0,0,0,0,0,0,0,0,0,0,0,0,0
"355320",141,6,1,97,2,103,201,2,2,241,0,0,0,0,0,0,0,1,0,0,0,0,0,0,1,0,0,1,0,0,0,0,0,1,0,0,0,0,0,0,0,0,0,0,0,0,0,0,0,0
"355330",35,320,3,79,286,1767,48,9,14,23,0,0,0,0,0,0,0,0,0,0,1,0,0,2,5,0,1,2,0,1,1,2,0,0,0,0,3,2,3,0,0,0,0,0,0,0,0,0,0,0
"355340",474,51,7,435,228,1800,88,21,35,1709,0,1,0,1,0,0,0,1,2,3,1,3,2,3,1,2,5,2,2,2,0,0,0,0,1,0,0,0,0,0,2,0,0,1,0,0,0,1,1,0
"355360",31,81,2,157,6,336,1,6,2,23,0,0,0,0,0,0,0,0,0,0,0,0,0,0,0,0,0,0,2,1,0,0,0,0,0,0,0,0,0,0,0,0,0,1,0,0,0,0,0,0
"355365",9,1,1,24,1,38,5,0,0,45,0,0,0,0,0,0,0,0,0,0,0,0,1,1,1,0,1,0,1,0,0,0,0,0,0,0,0,0,0,0,0,0,0,0,0,0,0,0,0,0
"355370",1811,65,6,908,112,528,1603,15,162,4076,0,0,0,0,0,0,0,0,0,1,0,1,0,3,4,3,7,4,3,2,0,0,0,0,0,1,0,0,0,0,1,0,0,0,0,0,0,0,0,0
"355380",5,1,0,1,3,65,1,0,0,20,0,0,0,0,0,1,0,0,0,0,1,0,1,0,0,0,1,1,1,1,0,0,0,0,0,0,0,0,0,0,0,0,0,0,0,0,0,0,0,0
"355390",5,4,1,7,16,69,17,0,0,12,0,0,0,1,0,0,0,3,0,0,3,1,2,0,0,0,0,0,0,0,0,0,0,0,0,0,0,0,0,0,0,0,0,0,0,0,0,0,0,0
"355395",9,4,4,39,154,527,17,1,4,190,0,0,0,0,0,0,0,0,0,2,2,3,0,1,5,6,2,1,1,4,1,0,0,0,0,0,0,0,0,0,0,0,0,0,0,0,0,0,0,0
"355400",26,16,7,35,32,579,129,6,3,47,0,0,1,0,0,0,0,1,0,0,7,7,8,5,2,8,4,4,4,9,0,0,2,2,0,2,3,1,0,2,2,3,0,1,2,1,2,0,0,0
"355410",4236,4413,90,566,9916,2466,3321,71,58,239,1,1,0,0,2,2,3,0,3,0,21,9,13,22,24,12,25,19,39,23,0,1,2,0,0,2,0,0,1,1,1,0,1,2,0,1,1,2,2,2
"355430",26,319,4,118,22,110,194,12,10,133,0,0,0,2,1,2,0,3,3,0,0,1,0,0,1,2,0,1,0,0,3,1,3,2,0,3,3,2,3,2,1,1,0,0,0,0,2,2,1,1
"355440",60,5,1,58,8,121,10,3,1,229,0,0,0,0,0,0,0,0,0,0,0,0,1,0,0,0,0,0,0,0,1,0,1,0,0,0,0,0,0,0,0,0,0,0,0,0,0,0,0,0
"355450",13,8,4,51,22,365,94,4,2,26,0,0,0,1,0,0,0,0,0,0,3,1,4,4,0,1,1,4,8,5,2,1,2,0,0,0,0,0,1,0,0,0,0,0,0,0,0,0,0,0
"355465",1,1,0,0,0,6,0,0,7,0,0,0,0,0,0,0,0,0,0,0,0,0,0,0,0,0,0,0,0,0,0,0,0,0,0,0,0,0,0,0,0,0,0,0,0,0,0,0,0,0
"355470",3,4,1,3,24,38,5,0,0,35,0,0,0,0,0,0,0,0,0,0,0,1,0,0,0,0,0,0,0,0,0,0,0,0,0,0,0,0,0,0,0,0,0,0,0,0,0,0,0,0
"355475",3,1,0,4,58,133,2,1,16,70,0,0,0,0,0,0,0,0,0,0,0,0,0,0,0,1,1,0,0,0,0,0,0,0,0,0,0,0,0,0,0,0,0,0,0,0,0,0,0,0
"355480",164,160,15,75,995,419,695,8,12,54,0,0,0,0,0,0,0,0,0,0,0,0,2,1,0,0,2,3,4,4,0,0,0,0,0,2,3,0,1,1,1,0,0,0,0,0,0,3,0,0
"355490",119,74,2,24,8,202,58,3,4,172,0,0,2,1,0,0,0,0,0,0,0,0,0,0,0,0,0,0,0,0,0,0,0,0,0,0,0,0,0,0,0,0,0,0,0,1,0,1,0,0
"355495",1,3,1,0,4,32,4,2,1,3,0,0,0,0,0,0,0,0,0,0,1,1,0,1,0,0,4,2,1,0,0,0,0,0,0,0,0,0,0,0,0,0,0,0,0,0,0,0,0,0
"355500",1319,191,10,2389,826,2413,104,5,8,6341,0,0,3,8,16,10,7,13,15,24,6,2,8,9,15,4,9,5,4,8,0,0,0,1,1,2,2,1,1,1,0,1,0,2,0,0,0,0,0,0
"355510",29,7,1,114,23,936,15,1,25,353,8,9,3,8,3,2,6,5,5,3,1,1,0,0,1,0,1,0,0,0,0,0,0,0,2,2,4,2,2,1,0,0,0,0,0,0,0,1,0,0
"355520",29,0,1,21,26,84,19,1,0,64,0,0,0,1,0,0,0,0,0,0,0,0,0,0,0,0,0,0,0,0,0,0,0,0,0,0,0,0,0,1,0,0,0,0,0,0,0,0,0,0
"355530",2,4,0,40,11,49,23,0,2,111,0,0,0,0,0,0,0,0,0,0,0,0,1,2,1,0,0,0,0,0,0,0,0,0,0,0,0,0,0,0,0,0,0,0,0,0,0,0,0,0
"355535",105,2,1,13,92,237,108,4,8,421,0,0,0,0,0,0,0,0,0,0,0,0,0,0,1,0,0,0,1,0,0,0,0,0,2,0,0,0,0,0,0,0,0,0,0,0,0,0,0,1
"355540",306,836,23,1165,1279,3130,304,127,42,1839,0,0,0,0,0,0,0,0,1,2,7,6,3,8,4,2,4,7,25,10,4,3,1,0,0,1,1,0,1,1,2,0,0,0,1,0,2,1,2,1
"355550",14,0,0,14,5,118,1,2,0,8,0,0,0,0,0,0,0,1,1,1,0,0,0,0,0,0,0,0,0,0,0,0,0,0,0,0,0,0,0,0,0,0,0,0,0,0,0,0,0,0
"355560",212,23,5,171,32,404,235,8,330,684,0,0,0,0,0,0,1,0,0,0,1,4,3,3,0,0,1,0,0,0,0,0,0,0,0,0,0,0,0,0,0,0,0,0,0,0,0,0,0,0
"355570",3,7,1,3,0,23,20,4,5,154,0,0,0,0,0,0,0,0,0,1,0,0,0,0,0,0,0,0,0,0,0,0,0,0,0,0,0,1,0,0,0,0,0,0,0,0,0,0,0,0
"355580",42,16,5,27,15,974,117,13,18,499,0,1,0,1,1,1,0,0,0,0,0,0,0,0,0,1,0,0,0,2,0,0,0,0,0,0,0,0,0,1,3,3,4,1,4,0,3,3,0,1
"355600",49,3,3,39,11,196,65,10,17,185,0,0,0,0,0,0,0,0,0,0,3,1,2,1,1,1,2,2,1,1,0,0,0,0,0,0,2,0,0,0,0,0,0,0,0,0,0,0,0,0
"355610",255,10,0,125,99,123,50,4,208,322,0,0,0,1,3,3,1,1,1,0,0,1,0,0,1,1,2,0,1,1,0,0,0,0,0,0,0,2,0,0,0,0,0,0,0,1,0,0,0,0
"355620",81,99,47,88,306,1557,159,99,61,442,0,0,0,1,0,1,0,0,0,0,27,79,58,38,20,24,12,16,14,11,0,1,1,2,0,2,0,0,1,0,0,1,1,0,0,0,0,0,1,0
"355630",252,9,6,65,42,467,46,1,6,344,0,1,0,0,1,5,1,3,2,1,1,0,1,0,2,1,0,0,0,0,0,0,0,1,0,1,0,0,0,0,0,0,0,0,0,1,0,0,0,0
"355635",1,0,0,1,8,22,6,1,4,9,0,0,0,0,0,0,0,0,0,0,1,0,0,2,2,1,2,1,2,0,1,0,0,0,0,0,0,0,0,0,0,0,0,0,0,0,0,0,0,0
"355640",35,12,4,506,52,801,148,7,6,439,0,0,0,0,0,0,1,0,0,0,0,2,1,2,1,2,1,1,0,3,0,0,0,0,1,0,0,0,0,0,0,0,0,0,0,0,0,0,0,0
"355645",8,3,2,6,23,209,42,2,0,23,0,0,0,0,0,1,0,1,0,0,10,3,7,10,3,1,10,2,5,3,1,1,0,0,0,0,0,0,0,1,0,0,0,0,0,1,0,0,0,0
"355650",20,86,46,56,511,1609,38,1,3,670,0,0,0,0,1,0,0,0,0,0,9,11,7,9,14,10,2,6,8,4,2,1,8,0,3,1,0,3,2,1,0,0,0,2,0,0,0,0,0,0
"355660",10,2,0,37,14,400,12,0,0,108,0,0,0,0,0,0,0,2,0,1,0,0,2,0,0,3,0,1,0,2,0,0,0,0,0,0,0,0,0,0,0,2,0,0,0,0,0,0,0,0
"355670",30,26,33,67,193,963,45,6,5,126,0,0,0,0,0,0,0,0,0,0,23,28,29,24,13,8,12,5,4,6,0,0,2,1,1,2,1,0,0,1,0,2,0,1,1,0,0,0,2,0
"355680",99,10,28,102,91,195,91,4,9,320,0,0,0,0,0,0,0,0,0,0,2,0,0,0,1,3,2,0,2,0,0,0,1,0,0,0,0,0,0,0,0,0,0,0,0,0,0,0,0,0
"355690",91,4,0,152,3,135,21,1,2,267,0,0,0,0,0,0,0,0,0,0,1,0,0,0,1,0,0,0,0,1,0,0,1,3,2,0,0,0,0,0,0,0,0,0,0,0,0,0,0,0
"355695",3,5,0,66,10,129,52,6,10,74,0,0,1,2,0,0,0,0,0,0,0,0,0,1,1,0,0,0,0,0,0,0,0,0,0,0,0,0,0,0,0,0,0,0,0,0,0,0,0,0
"355700",96,290,10,278,39,1828,57,2,2,168,0,0,0,0,0,0,0,2,1,0,10,33,14,27,13,14,26,28,20,20,6,0,1,0,0,1,2,3,0,1,0,1,2,1,0,0,0,1,1,0
"355710",1132,275,27,1425,2786,1319,838,35,223,6233,2,17,38,35,20,10,12,17,9,10,3,15,2,4,8,3,6,5,6,6,1,3,0,0,0,2,0,2,2,2,5,3,1,0,1,0,0,1,4,0
"355715",9,0,8,19,86,179,9,1,1,114,0,0,0,0,0,0,0,0,0,0,0,0,1,0,0,0,2,0,0,0,0,0,0,0,0,0,0,0,0,0,0,0,0,0,0,0,1,1,0,0
"355720",2,3,0,6,2,127,44,0,101,163,0,1,0,0,0,0,0,1,0,1,0,1,1,0,0,6,0,0,1,1,0,0,0,0,0,1,1,0,0,0,0,1,0,0,0,0,0,0,0,0
"350075",0,1,0,7,8,19,4,1,1,5,0,0,0,0,0,0,0,0,0,0,0,0,0,0,0,0,1,0,0,0,0,0,0,0,0,0,1,1,0,0,0,0,0,0,0,0,0,0,0,0
"350310",0,2,0,3,0,6,0,0,0,5,0,0,0,0,0,0,0,0,0,0,0,0,0,0,0,0,0,0,2,1,0,0,0,0,0,0,0,0,0,0,0,0,0,0,0,0,0,0,0,0
"350315",0,1,0,0,0,95,2,1,0,0,0,0,0,0,0,0,0,0,0,0,0,0,0,1,0,0,0,0,0,0,0,0,0,0,0,0,0,0,0,0,0,0,0,0,0,0,0,0,0,0
"350430",0,1,1,47,153,372,1,0,0,152,1,0,0,1,0,0,0,0,0,0,0,0,0,0,0,0,0,0,0,0,0,0,0,0,0,0,0,0,0,0,0,0,0,0,0,0,0,0,0,0
"350630",0,12,0,5,3,66,3,0,1,62,0,0,0,0,0,0,0,0,0,0,0,0,0,1,0,0,0,0,1,1,0,0,0,0,0,0,0,0,1,0,0,0,0,0,0,0,0,0,0,0
"350660",0,3,0,1,5,39,36,4,3,154,0,0,0,0,0,0,0,0,0,0,4,4,3,4,1,0,0,2,3,3,0,0,0,0,0,0,0,1,0,0,0,0,0,0,0,0,0,0,0,1
"350690",0,1,0,1,2,17,43,1,0,2,0,0,0,0,0,0,0,0,0,0,1,4,2,1,0,0,0,0,1,0,0,0,0,0,0,0,0,0,0,0,0,0,0,0,0,0,0,0,0,0
"350730",0,1,1,7,18,34,51,2,1,30,0,0,0,0,0,0,0,0,0,0,0,0,0,0,0,0,0,0,0,0,0,0,0,0,0,0,0,0,0,0,0,0,0,0,0,0,0,0,0,0
"350800",0,1,1,2,0,231,4,0,0,48,0,0,0,0,0,0,0,0,0,0,2,0,0,1,1,2,0,0,2,1,0,0,0,1,0,1,0,0,0,1,0,0,0,0,0,0,0,0,0,0
"350870",0,3,0,3,12,106,14,1,9,7,0,0,0,0,0,0,0,0,0,0,0,0,0,4,4,2,4,2,1,0,2,0,0,0,0,2,1,0,0,2,0,0,0,0,0,0,0,0,0,0
"350995",0,58,13,6,7,78,22,4,2,7,0,0,0,0,0,0,0,0,0,0,0,0,0,0,1,1,1,0,1,1,0,0,0,0,0,0,0,0,0,0,0,0,0,0,0,0,0,0,0,0
"351320",0,17,8,14,3,2,22,5,2,58,0,0,0,0,0,0,0,0,0,0,0,0,0,0,0,2,1,0,1,1,0,0,1,0,0,0,0,0,0,0,0,0,0,0,0,0,0,0,0,0
"351512",0,1,2,48,1,2,13,2,2,11,0,0,0,0,0,0,0,0,1,0,1,0,0,0,0,0,0,0,1,0,0,0,0,0,0,0,0,0,0,0,0,0,0,0,0,0,0,0,0,0
"351540",0,4,0,2,1,156,4,1,0,183,0,0,0,0,0,0,0,0,0,0,3,0,0,0,0,1,1,1,0,0,0,0,0,0,0,0,1,0,0,0,0,0,0,0,0,0,0,0,0,0
"351760",0,1,0,1,6,25,4,1,1,2,0,0,0,0,0,0,2,0,0,0,0,1,0,0,0,1,1,1,1,0,0,0,0,0,0,0,1,0,0,0,0,0,0,0,0,1,0,0,0,0
"351925",0,2,0,5,39,4,0,0,1,23,0,0,0,0,0,1,0,0,0,0,0,0,0,0,0,0,0,0,0,1,0,0,1,0,0,0,1,0,0,0,0,0,0,0,0,0,0,0,0,0
"352020",0,2,1,2,5,135,15,0,2,5,0,0,0,1,0,0,0,0,0,0,2,1,2,0,0,1,3,1,4,5,1,0,0,0,0,0,0,0,0,0,0,0,0,0,0,0,0,0,0,0
"352060",0,11,3,30,0,45,38,0,2,16,0,0,0,0,0,0,0,0,0,0,0,0,0,0,0,0,1,0,1,0,0,0,0,0,0,0,0,0,0,0,0,0,0,0,0,0,0,0,0,0
"352280",0,1,1,1,106,35,1,0,6,10,0,0,0,0,0,0,0,0,0,0,0,2,1,2,1,0,0,0,0,1,1,0,0,0,0,1,0,0,0,0,0,0,0,0,0,0,0,0,0,0
"352700",0,1,0,0,2,124,17,7,9,27,0,0,0,0,0,0,0,0,0,1,1,1,0,0,0,0,4,3,3,1,0,0,0,0,0,0,1,1,0,0,0,0,0,0,0,0,0,0,0,0
"352860",0,1,0,2,0,13,9,0,0,5,0,0,0,0,0,0,0,0,0,0,1,1,0,1,0,1,0,0,0,3,0,0,0,0,0,0,0,0,0,0,0,0,0,0,0,0,0,0,0,0
"353200",0,9,1,5,9,39,11,4,3,12,0,0,0,0,0,0,0,1,0,0,3,6,8,3,2,0,12,5,6,1,0,0,0,0,0,0,0,0,0,0,0,0,0,0,0,0,0,0,0,0
"353215",0,2,0,5,0,13,11,0,0,6,0,1,0,0,0,0,1,0,0,0,0,0,1,1,0,0,0,0,0,0,0,0,0,0,0,0,0,0,0,0,0,0,0,0,0,0,0,0,0,0
"353370",0,1,0,5,6,44,8,0,0,4,0,0,0,0,0,1,0,0,0,2,0,0,0,1,0,0,1,0,0,2,0,0,0,0,0,0,0,0,0,0,0,0,0,0,0,0,0,0,0,0
"353450",0,1,0,4,19,43,5,1,2,18,0,0,0,0,0,0,1,1,0,0,0,17,0,0,0,0,0,3,0,3,0,0,0,0,0,0,0,0,0,0,0,0,0,0,0,0,0,0,0,0
"353657",0,1,0,0,0,19,0,0,0,14,0,0,0,0,0,0,0,0,0,0,0,0,0,0,0,0,0,0,0,0,0,0,0,0,0,0,0,0,0,0,0,0,0,0,0,0,0,0,0,0
"353680",0,1,0,0,5,9,8,1,2,1,0,0,0,0,0,0,0,0,0,0,0,1,0,3,1,0,4,0,1,1,0,0,0,0,0,0,0,0,0,0,0,0,0,0,0,0,0,0,0,0
"353700",0,36,2,34,13,62,18,0,7,106,0,0,0,0,0,0,0,1,0,0,0,0,0,1,2,0,0,0,1,0,0,0,1,0,0,0,0,0,0,0,0,0,0,0,0,1,0,0,0,0
"354110",0,1,0,47,4,23,4,0,1,104,0,0,0,0,0,1,1,0,0,0,0,0,0,0,0,0,0,0,1,0,0,0,0,0,0,0,0,0,0,0,0,0,0,0,0,0,0,0,0,0
"354323",0,1,2,18,1,50,7,2,0,24,0,0,0,0,0,0,0,0,0,1,0,0,0,0,0,0,0,0,0,0,0,0,0,0,0,0,0,0,0,0,0,0,0,0,0,0,0,0,0,0
"354350",0,2,0,0,2,3,2,0,0,1,0,0,0,0,0,0,0,0,0,0,0,0,0,1,1,0,0,0,1,0,0,0,0,0,1,0,0,1,0,0,0,0,0,0,0,0,0,0,0,0
"354550",0,1,2,32,14,25,71,0,4,54,0,0,0,0,0,0,0,0,0,1,0,0,0,0,0,0,0,2,0,1,0,0,0,0,0,0,0,0,1,0,0,0,0,0,0,0,0,0,1,0
"354625",0,6,2,5,0,20,10,0,0,19,0,0,0,0,0,0,0,0,0,0,0,0,0,0,0,0,0,0,0,0,0,0,0,0,0,0,1,1,0,1,0,0,0,0,0,0,0,0,0,0
"354700",0,4,10,25,46,19,6,0,0,94,0,0,0,0,0,0,0,0,0,0,0,0,0,0,3,0,0,1,0,0,0,0,0,0,0,0,0,0,0,0,0,0,0,0,1,0,0,0,0,0
"354820",0,1,0,0,1,12,4,2,6,8,0,0,0,0,0,0,0,0,0,0,0,0,0,0,0,1,1,0,1,1,0,0,0,0,0,1,0,0,0,0,0,0,0,0,0,2,0,0,0,0
"354830",0,1,4,6,0,8,10,1,0,67,0,1,0,1,0,1,1,0,0,0,0,0,3,0,0,0,0,0,0,1,0,0,0,0,0,0,0,0,0,0,0,0,0,0,0,0,0,0,0,0
"354860",0,1,1,2,3,14,2,2,2,1,0,0,0,0,0,0,0,0,0,0,0,0,0,0,0,0,0,0,1,1,0,0,0,0,0,0,0,0,0,0,0,0,0,0,0,0,0,0,0,0
"355050",0,6,1,30,11,327,82,0,5,24,0,0,0,0,0,0,0,0,0,0,0,0,2,1,0,2,0,1,1,1,0,0,0,0,0,0,0,0,0,0,2,0,0,1,0,0,0,0,0,0
"355590",0,1,0,23,1,30,5,0,0,15,0,0,0,0,0,0,0,0,0,0,0,0,0,0,0,0,0,1,0,0,0,0,0,0,0,0,0,0,0,0,0,0,0,0,0,0,0,0,0,0
"355730",0,72,6,6,23,547,8,6,0,325,0,0,0,0,0,0,0,0,0,0,0,0,0,0,0,0,1,2,2,2,0,0,0,0,0,0,0,0,0,0,0,0,0,0,0,0,0,0,0,0
"350910",0,0,12,17,11,27,27,2,49,105,0,0,0,0,1,0,1,1,0,0,0,0,0,0,0,0,0,0,1,0,0,0,0,0,0,0,0,0,0,0,0,0,0,0,0,0,0,0,0,0
"355350",0,0,1,10,2,10,1,1,3,1,0,0,0,0,0,0,0,0,0,0,3,1,0,0,0,1,1,1,0,1,0,0,0,0,1,0,0,0,0,0,0,0,1,9,6,1,0,0,0,0
"350540",0,0,0,12,2,12,12,1,1,1,0,1,0,0,0,0,0,0,0,0,1,0,2,0,0,1,5,5,1,4,0,6,9,8,2,10,6,2,0,2,0,0,0,3,0,0,0,0,0,0
"351430",0,0,0,9,27,28,4,0,1,36,0,0,0,0,0,0,0,0,0,0,0,1,0,1,0,0,0,0,0,0,0,0,0,0,1,1,0,0,1,0,0,0,0,0,0,0,0,0,0,0
"351530",0,0,0,2,33,23,119,1,1,0,0,0,0,0,0,1,0,1,0,0,0,0,0,0,0,0,0,0,0,1,0,0,0,0,0,0,0,0,0,0,0,0,0,0,0,0,0,0,0,0
"351565",0,0,0,2,1,8,1,0,0,10,0,0,0,0,0,0,0,0,0,0,0,0,0,0,0,0,1,0,0,0,0,0,0,0,0,0,0,0,0,0,0,0,0,0,0,0,0,0,0,0
"351850",0,0,0,3,0,13,3,2,0,7,0,0,0,0,0,0,0,0,0,0,0,0,1,1,0,0,0,0,0,1,0,0,0,0,0,0,0,0,0,1,0,0,0,0,0,0,0,0,0,0
"352215",0,0,0,2,0,4,0,0,0,0,0,0,0,0,0,0,0,0,0,0,0,0,0,0,1,0,0,0,0,0,6,7,2,8,5,3,6,2,3,3,0,0,0,0,0,0,0,0,0,0
"352540",0,0,0,19,3,0,3,1,5,150,0,0,0,0,0,0,0,0,0,0,0,0,0,0,1,1,0,0,0,1,0,0,0,0,0,0,0,0,0,0,0,0,0,0,0,0,0,0,0,0
"352750",0,0,0,1,0,17,7,0,0,12,0,0,0,0,0,0,0,0,0,0,0,1,0,0,0,0,0,0,0,0,0,0,0,0,0,0,0,0,0,0,0,0,0,0,0,0,0,0,0,0
"353170",0,0,0,1,5,19,3,2,8,5,0,0,0,0,0,0,0,0,0,0,0,0,0,1,0,1,0,0,6,1,0,0,0,0,0,0,0,0,0,0,0,0,0,0,0,0,0,0,0,0
"353282",0,0,0,1,1,4,0,1,0,0,0,0,0,0,0,0,0,0,0,0,0,0,0,0,2,2,0,1,1,0,0,0,0,0,0,0,0,0,0,1,0,0,0,0,0,0,0,0,0,0
"353380",0,0,0,3,1,2,1,0,0,7,0,0,0,0,0,0,0,0,0,0,0,0,0,0,0,0,0,0,0,0,0,1,0,0,0,0,0,0,0,0,0,1,0,0,0,0,0,0,0,0
"353610",0,0,0,1,0,14,0,0,1,2,0,0,0,0,0,0,0,0,0,0,1,1,1,1,0,0,1,0,1,1,0,0,0,0,0,0,0,0,0,0,0,0,0,0,0,0,0,0,0,0
"354280",0,0,0,1,0,4,0,0,0,1,0,0,0,0,0,0,0,0,0,0,0,0,0,1,0,0,0,0,0,0,5,7,3,5,1,1,10,7,8,2,0,0,0,0,0,0,0,0,0,0
"354300",0,0,0,3,0,7,3,0,0,0,0,0,0,0,0,0,0,0,0,0,1,3,0,2,1,0,4,4,0,3,0,0,0,0,0,0,0,0,0,0,0,0,0,0,0,0,0,0,0,0
"354960",0,0,0,4,16,91,0,0,1,2,0,0,0,0,0,0,0,0,0,0,0,0,0,0,0,0,0,0,0,0,0,0,0,0,0,0,0,0,0,0,0,0,0,0,0,0,0,0,0,0
"355385",0,0,0,1,1,10,1,0,0,3,0,0,0,0,0,0,0,0,0,0,0,0,1,0,0,0,0,0,1,0,0,0,0,0,0,0,0,0,0,0,0,0,0,0,0,0,0,0,0,0
"350715",0,0,0,0,2,3,2,1,0,0,0,0,0,0,0,0,0,0,0,0,0,0,0,1,1,0,1,0,0,0,4,0,0,0,0,0,0,0,0,0,0,0,0,0,0,0,0,0,0,0
"350945",0,0,0,0,3,16,10,0,0,4,0,0,0,0,0,0,0,0,0,0,0,0,0,0,0,0,0,0,0,0,0,0,0,0,0,0,0,0,2,0,0,0,0,0,0,0,0,0,0,0
"354105",0,0,0,0,2,14,1,0,1,1,0,0,0,0,0,0,0,0,0,0,0,0,0,0,0,0,0,0,0,0,0,0,0,0,0,0,0,1,0,1,0,0,0,0,0,0,0,0,0,0
"354325",0,0,0,0,4,13,1,0,1,3,0,0,0,0,0,0,0,0,0,0,0,0,0,0,0,0,0,0,0,1,0,0,0,0,0,0,1,0,0,0,1,0,0,0,0,0,0,0,0,0
"355420",0,0,0,0,3,2,0,0,0,1,0,0,0,0,0,0,0,0,0,0,0,1,0,0,0,0,1,1,0,0,0,0,1,0,0,1,0,0,0,0,0,0,0,0,0,0,0,0,0,0
"351260",0,0,0,0,0,5,0,0,0,2,0,0,0,0,0,0,0,0,0,0,0,0,0,0,0,0,0,0,0,0,0,0,0,0,0,0,0,0,0,0,0,0,0,0,0,0,0,0,0,0
"352170",0,0,0,0,0,29,2,0,1,2,0,0,0,0,0,0,0,0,0,0,0,0,0,1,0,0,1,0,1,3,0,0,0,0,0,0,1,0,0,0,0,0,0,0,0,1,0,0,1,0
"352265",0,0,0,0,0,2,1,0,0,1,0,0,0,0,0,2,0,0,0,0,0,0,0,0,0,0,0,0,0,0,1,0,1,0,0,0,1,1,2,6,0,0,0,0,0,0,0,0,0,0
"354165",0,0,0,0,0,3,1,0,1,1,0,0,0,0,0,0,0,0,0,0,0,0,0,0,0,0,0,0,0,0,0,0,0,0,0,0,0,0,0,1,0,0,0,0,0,0,0,0,0,0
"355120",0,0,0,0,0,2,0,0,0,1,0,0,0,0,0,0,0,0,0,0,0,1,0,0,0,1,0,0,0,0,0,0,0,0,0,0,0,0,0,0,0,0,0,0,0,0,0,0,0,0
"355460",0,0,0,0,0,3,2,0,0,5,0,0,0,0,0,0,0,0,0,0,0,0,0,0,0,0,0,0,0,0,0,0,0,0,0,0,0,0,0,0,0,0,1,0,0,0,0,0,0,0
"350535",0,0,0,0,0,0,0,0,0,0,0,0,0,0,0,2,0,0,0,0,0,0,0,1,0,0,0,0,1,0,2,0,0,0,0,1,0,0,0,0,0,0,0,0,0,0,0,0,0,0
