governance_var,governance_label,target_var,target_label,target_dimension,coef,se,p_value,r2_marginal,r2_conditional,aic,r_spearman,p_spearman,n
idx_gobernanza_100,Gobernanza (idx),forest_cover,Cobertura Forestal,Biodiversidad,-0.055532067560154406,0.017866175484005955,0.0018821563423222166,0.37386815041564925,0.9159273028171246,4664.097404639283,0.16056205573538487,4.195024722921118e-05,645
UAI_housing,UAI Vivienda,forest_cover,Cobertura Forestal,Biodiversidad,-2.4740998474373646,0.8342451286729111,0.0030201955075275424,0.37548446402557123,0.9153114369457434,4664.938181376722,0.09766901551689566,0.01307905529146808,645
UAI_env,UAI Ambiental,forest_cover,Cobertura Forestal,Biodiversidad,-2.1119187434248756,1.4601180669460128,0.1480642794238517,0.37946411085477316,0.9128954893439724,4671.5532681678615,0.023729123240326434,0.5474665727981722,645
UAI_food,UAI Alimentación,forest_cover,Cobertura Forestal,Biodiversidad,-0.38119752153735925,1.0854726970265987,0.7254524704792797,0.37994502114740886,0.9123692299562082,4673.517164170753,0.05268127903613015,0.18146059776215406,645
UAI_mob,UAI Movilidad,forest_cover,Cobertura Forestal,Biodiversidad,-3.6093604749345234,1.3719990010223844,0.008520141375194816,0.3746617988221348,0.9151939650643819,4666.783805076847,0.20213181919485562,2.2537876861815697e-07,645
UAI_Crisk,UAI Riesgo Clim.,forest_cover,Cobertura Forestal,Biodiversidad,-4.156289417161377,1.4956276475244108,0.005453323876386619,0.37469717827522697,0.9153338605402356,4665.995134929239,0.20501314827246792,1.5006546218527855e-07,645
idx_gobernanza_100,Gobernanza (idx),mean_species_richness,Riqueza Spp,Biodiversidad,-0.10655666044399253,0.09769754500437586,0.2754141553008327,0.418461466512475,0.8374791979768752,6805.952895350738,0.2026537457127026,2.0946291661954733e-07,645
UAI_housing,UAI Vivienda,mean_species_richness,Riqueza Spp,Biodiversidad,-3.8520312229256466,4.558360460345173,0.3980843051728612,0.41945515890003654,0.8367364851040564,6806.426526315923,0.13045521158532808,0.0008971904290255788,645
UAI_env,UAI Ambiental,mean_species_richness,Riqueza Spp,Biodiversidad,-5.48527168063277,7.945823338713243,0.4899841971658244,0.42022184694731707,0.8362182628962171,6806.663457716868,0.07454564807217377,0.058466242965626226,645
UAI_food,UAI Alimentación,mean_species_richness,Riqueza Spp,Biodiversidad,-2.5362848234300692,5.8997020226965535,0.6672680249488815,0.4204687947080342,0.8359555711072141,6806.954945231468,-0.036641912912680485,0.3528392770385391,645
UAI_mob,UAI Movilidad,mean_species_richness,Riqueza Spp,Biodiversidad,-6.597142794273219,7.502203778723893,0.3792057605275363,0.41792103442002704,0.8375871988647757,6806.36816454295,0.3221566069990167,4.836267915857966e-17,645
UAI_Crisk,UAI Riesgo Clim.,mean_species_richness,Riqueza Spp,Biodiversidad,-6.341372745078965,8.177054120780749,0.43803940588150503,0.41870125369541317,0.8370926741648661,6806.539274465897,0.2563737981991982,3.8631804176619554e-11,645
idx_gobernanza_100,Gobernanza (idx),pol_deficit,Déf. Polinización,Biodiversidad,0.00015009211933295606,0.00026994370654757427,0.5782021976825076,0.31798977293607983,0.8022860758373519,-803.6621817637256,-0.1857363003418546,2.0406827082990875e-06,645
UAI_housing,UAI Vivienda,pol_deficit,Déf. Polinización,Biodiversidad,-0.0006771140852646116,0.012599684524933909,0.9571418683390474,0.31978515088007314,0.8005128189977225,-803.3563879145195,-0.12313771748003988,0.0017292596295573946,645
UAI_env,UAI Ambiental,pol_deficit,Déf. Polinización,Biodiversidad,0.018219962706359904,0.02183833943863864,0.40410586081816124,0.318788495727063,0.8018429347311163,-804.048622422365,-0.05417200740028102,0.16939858521801882,645
UAI_food,UAI Alimentación,pol_deficit,Déf. Polinización,Biodiversidad,0.03154245047873708,0.016152394519922432,0.05084289887755823,0.3210463101035886,0.8019190080252376,-807.1547875670694,-0.010449428147017626,0.7911057374262771,645
UAI_mob,UAI Movilidad,pol_deficit,Déf. Polinización,Biodiversidad,-0.012374554802348269,0.020715426278660763,0.550267447945393,0.3218177036431664,0.7989617721028365,-803.710747961074,-0.2250965119557647,7.470447219471273e-09,645
UAI_Crisk,UAI Riesgo Clim.,pol_deficit,Déf. Polinización,Biodiversidad,-0.011372309347745293,0.022568044871333823,0.6143231951170689,0.32123642527034296,0.7994046295010467,-803.6076440464594,-0.24166816544421585,5.031994297839191e-10,645
idx_gobernanza_100,Gobernanza (idx),idx_biodiv,Biodiv (idx),Biodiversidad,-0.021104172115639405,0.01934957177237341,0.2754141422701676,0.41846145709581445,0.8374792034594641,4717.176975352972,0.2026537457127026,2.0946291661954733e-07,645
UAI_housing,UAI Vivienda,idx_biodiv,Biodiv (idx),Biodiversidad,-0.7629173720222953,0.9028100266778304,0.3980843089710111,0.4194551621010826,0.8367364832324355,4717.650606318157,0.13045521158532808,0.0008971904290255788,645
UAI_env,UAI Ambiental,idx_biodiv,Biodiv (idx),Biodiversidad,-1.0863902357721302,1.5737169149210892,0.4899841939681031,0.42022184117435246,0.8362182662811076,4717.8875377191,0.07454564807217377,0.058466242965626226,645
UAI_food,UAI Alimentación,idx_biodiv,Biodiv (idx),Biodiversidad,-0.5023260856027606,1.1684705904362682,0.6672680251455856,0.4204687964577752,0.8359555700796045,4718.179025233701,-0.036641912912680485,0.3528392770385391,645
UAI_mob,UAI Movilidad,idx_biodiv,Biodiv (idx),Biodiversidad,-1.3066027616117002,1.4858554662260046,0.3792057851750885,0.4179210449016048,0.8375871927639738,4717.592244545183,0.3221566069990167,4.836267915857966e-17,645
UAI_Crisk,UAI Riesgo Clim.,idx_biodiv,Biodiv (idx),Biodiversidad,-1.2559460634531823,1.6195135307273094,0.43803940723754853,0.418701254355761,0.8370926737794454,4717.7633544681285,0.2563737981991982,3.8631804176619554e-11,645
idx_gobernanza_100,Gobernanza (idx),flooding_risks,Riesgo Inundación,Riesgo Climático,0.0019851443742574916,0.00043116435946006165,4.141585550457765e-06,0.23674835184938706,0.5056873230234089,-274.8400291272028,0.23935548302626927,7.423017594999952e-10,645
UAI_housing,UAI Vivienda,flooding_risks,Riesgo Inundación,Riesgo Climático,0.09271670637341814,0.019973525549557527,3.450862500245148e-06,0.235951789017893,0.5132065953198501,-275.11379372931697,0.20284548084701662,2.0389280678613538e-07,645
UAI_env,UAI Ambiental,flooding_risks,Riesgo Inundación,Riesgo Climático,0.07169808473395468,0.03519668731395215,0.041643116239593395,0.2179156902886895,0.5215360417544919,-257.88042226521156,0.11363797664458954,0.003854690533235862,645
UAI_food,UAI Alimentación,flooding_risks,Riesgo Inundación,Riesgo Climático,-0.015692457451391265,0.026045351760872634,0.5468379647008703,0.21345514997790616,0.5273223926068286,-254.09377486551602,-0.02005287398653404,0.6112127525464315,645
UAI_mob,UAI Movilidad,flooding_risks,Riesgo Inundación,Riesgo Climático,0.1534272581250158,0.03303078340509028,3.4011290202379533e-06,0.23776152119370836,0.5009424816704666,-275.2140860909403,0.26331610438011765,1.0854095653863551e-11,645
UAI_Crisk,UAI Riesgo Clim.,flooding_risks,Riesgo Inundación,Riesgo Climático,0.16448790008255787,0.03599576768588518,4.885497446621966e-06,0.2363452817718122,0.5063249093430858,-274.5225099281288,0.264022858579,9.518101276773852e-12,645
idx_gobernanza_100,Gobernanza (idx),fire_risk_index,Riesgo Fuego (idx),Riesgo Climático,0.21134765391572,0.023197239931388544,8.17039391235731e-20,0.2560770691106372,0.6226254268307101,4897.862584620389,0.18705479767285482,1.721204922608111e-06,645
UAI_housing,UAI Vivienda,fire_risk_index,Riesgo Fuego (idx),Riesgo Climático,8.927492233066816,1.0945718990556834,3.4587379827122084e-16,0.25154334685135193,0.5961451786286374,4911.853806783207,0.20659468539375334,1.197403929330193e-07,645
UAI_env,UAI Ambiental,fire_risk_index,Riesgo Fuego (idx),Riesgo Climático,8.947014358452329,1.9879308050330053,6.774059339532956e-06,0.22344446697774756,0.5436803463968153,4954.4869887348505,0.12616327345930972,0.0013237859178784747,645
UAI_food,UAI Alimentación,fire_risk_index,Riesgo Fuego (idx),Riesgo Climático,4.872977357882435,1.4884270938112933,0.0010607013390439887,0.21728972457619491,0.5268232495003545,4963.708134400407,0.055751010748640195,0.15728742494278686,645
UAI_mob,UAI Movilidad,fire_risk_index,Riesgo Fuego (idx),Riesgo Climático,14.810866799438028,1.7935077729144033,1.4807849020654305e-16,0.24821253054690487,0.611279997030948,4910.615602500986,0.2087100147318039,8.828787081884615e-08,645
UAI_Crisk,UAI Riesgo Clim.,fire_risk_index,Riesgo Fuego (idx),Riesgo Climático,8.066572755334343,2.0508413827612544,8.378783881540909e-05,0.21732387238012335,0.5533970050299298,4959.1659868735715,0.06924391280634676,0.07887081400100371,645
idx_gobernanza_100,Gobernanza (idx),hydric_stress_risk,Estrés Hídrico,Riesgo Climático,0.001344614335965005,0.00026975841945546243,6.211808463916315e-07,0.11160317680609472,0.222521207425646,-856.616956495579,0.21622454502343458,2.914194734796594e-08,645
UAI_housing,UAI Vivienda,hydric_stress_risk,Estrés Hídrico,Riesgo Climático,0.06538167546940522,0.012678256313773959,2.509475603220168e-07,0.11348412761577094,0.22239976277544066,-858.3232205496579,0.22527681628866977,7.2622921158920044e-09,645
UAI_env,UAI Ambiental,hydric_stress_risk,Estrés Hídrico,Riesgo Climático,0.04977094599974291,0.023075842873859,0.031017981071601718,0.08751261529547942,0.20904610686158115,-836.9387416929117,0.13309058916327396,0.0007024751548177825,645
UAI_food,UAI Alimentación,hydric_stress_risk,Estrés Hídrico,Riesgo Climático,-0.008507575699710545,0.017219613314673157,0.6212616100925828,0.08309555502236429,0.21203657759331446,-832.5405376845711,-0.05629318984120741,0.15328348834618175,645
UAI_mob,UAI Movilidad,hydric_stress_risk,Estrés Hídrico,Riesgo Climático,0.13058153057888153,0.020067281110231906,7.657158477206656e-11,0.13075069015556362,0.22913528541406736,-872.9814321838958,0.298665048046422,9.337606964141357e-15,645
UAI_Crisk,UAI Riesgo Clim.,hydric_stress_risk,Estrés Hídrico,Riesgo Climático,0.06967259565238304,0.022822578006076167,0.0022672262964791062,0.09290076869821143,0.21057330068490704,-841.5324922651098,0.16149834332871688,3.777676791182507e-05,645
idx_gobernanza_100,Gobernanza (idx),idx_clima,Clima (idx),Riesgo Climático,0.1732475675394286,0.02724327921107597,2.0270515779821735e-10,0.22080300671021738,0.4191678019490547,5049.118677294067,0.2894541390112489,6.476975947001347e-14,645
UAI_housing,UAI Vivienda,idx_clima,Clima (idx),Riesgo Climático,8.061053182849832,1.2577270874291862,1.4626327467518637e-10,0.22078835182388248,0.4312233213688797,5048.718017243056,0.2712437739360298,2.432087044775027e-12,645
UAI_env,UAI Ambiental,idx_clima,Clima (idx),Riesgo Climático,5.956124963598046,2.2413702313816075,0.007875556813651239,0.18630547204680073,0.4398034125532146,5082.024478583389,0.16175674266992068,3.6696125969927756e-05,645
UAI_food,UAI Alimentación,idx_clima,Clima (idx),Riesgo Climático,-0.9684318108819648,1.653664365011888,0.558125667752942,0.1792262626350056,0.44983912849849356,5088.744284747992,-0.041906271298943476,0.2879226765125911,645
UAI_mob,UAI Movilidad,idx_clima,Clima (idx),Riesgo Climático,14.980641296505064,2.0792690227144766,5.814473381044263e-13,0.2326019083985091,0.409477300686045,5038.077685797805,0.37206918016376245,1.3121341939784548e-22,645
UAI_Crisk,UAI Riesgo Clim.,idx_clima,Clima (idx),Riesgo Climático,12.097930933280738,2.2909709898137933,1.2869112861182925e-07,0.20807957703755223,0.41953698074203655,5061.344307273892,0.2607936596180936,1.729037198038084e-11,645
idx_gobernanza_100,Gobernanza (idx),fire_incidence_mean,Incidencia Fuego,Riesgo Climático,0.11866957624797181,0.010710939626824435,1.5812640328938473e-28,0.2618932932346563,0.5770553630710306,3897.676693080245,0.21063561495130997,6.671511981301155e-08,645
UAI_housing,UAI Vivienda,fire_incidence_mean,Incidencia Fuego,Riesgo Climático,4.9157124547641695,0.5100670238829795,5.558574229187952e-22,0.2479307956093297,0.5340342142962753,3922.173138970109,0.22811073000358478,4.643167529318115e-09,645
UAI_env,UAI Ambiental,fire_incidence_mean,Incidencia Fuego,Riesgo Climático,6.1815269879330845,0.9291894571947876,2.8795749642629973e-11,0.21112152564763856,0.49122815860079233,3965.727731733209,0.1416755587677142,0.000306959428973353,645
UAI_food,UAI Alimentación,fire_incidence_mean,Incidencia Fuego,Riesgo Climático,2.5695474619431056,0.7085428322579144,0.00028726232619377955,0.18421694973707772,0.454381703315074,3995.259183600844,0.05260431653277679,0.182100162288988,645
UAI_mob,UAI Movilidad,fire_incidence_mean,Incidencia Fuego,Riesgo Climático,8.224582407474264,0.831671864204785,4.6364627660326827e-23,0.24767957606174293,0.5548645617226324,3918.1363972122053,0.23931521960254293,7.473164245727536e-10,645
UAI_Crisk,UAI Riesgo Clim.,fire_incidence_mean,Incidencia Fuego,Riesgo Climático,4.213510705789965,0.9675544816550791,1.331856680203587e-05,0.1886114500482058,0.4773292950550821,3989.6537583666286,0.09583852895708196,0.01489663042477425,645
idx_gobernanza_100,Gobernanza (idx),fire_frp_mean,Potencia Fuego (FRP),Riesgo Climático,0.020833220220804853,0.04613175467730663,0.6515552987213591,0.2683212150619684,0.6147459601679165,5781.685802865715,-0.1613119606235676,3.85748676118428e-05,645
UAI_housing,UAI Vivienda,fire_frp_mean,Potencia Fuego (FRP),Riesgo Climático,2.86460092626765,2.1391894167456353,0.18053623700288002,0.2685956395791514,0.6181757467714972,5780.101966082202,-0.0843879544156952,0.03212478312939244,645
UAI_env,UAI Ambiental,fire_frp_mean,Potencia Fuego (FRP),Riesgo Climático,0.19329809431591613,3.741630683439579,0.9587984487123463,0.26892015140571274,0.6124980841746082,5781.887158600508,-0.045810147087321576,0.24532212224752595,645
UAI_food,UAI Alimentación,fire_frp_mean,Potencia Fuego (FRP),Riesgo Climático,0.5137838333911331,2.7780409091420575,0.853272440994044,0.2689303976372915,0.6125545288998403,5781.855633209299,-0.009073524010628803,0.8180943504757381,645
UAI_mob,UAI Movilidad,fire_frp_mean,Potencia Fuego (FRP),Riesgo Climático,-2.2790001539414413,3.5412654592729536,0.5198638443729453,0.27059029140517116,0.6086136018715719,5781.474945309237,-0.23811147880022945,9.134393896470641e-10,645
UAI_Crisk,UAI Riesgo Clim.,fire_frp_mean,Potencia Fuego (FRP),Riesgo Climático,-0.47718764666268726,3.8782625030243816,0.9020741514767197,0.26922407280226857,0.6116174599170532,5781.874572468048,-0.19153710165584703,9.561985371429986e-07,645
idx_gobernanza_100,Gobernanza (idx),pct_pobreza,% Pobreza,Vulnerabilidad,-0.01986797150804993,0.0015502470224049113,1.3340097612675124e-37,0.3091859967182968,0.4034982700668708,1373.82648162424,-0.6608538289906497,3.409096944474388e-82,645
UAI_housing,UAI Vivienda,pct_pobreza,% Pobreza,Vulnerabilidad,-0.76922043348567,0.07575313245927867,3.1706017158147472e-24,0.25693462663989103,0.371430873208724,1424.2767925707367,-0.5872427816690045,4.789136679376043e-61,645
UAI_env,UAI Ambiental,pct_pobreza,% Pobreza,Vulnerabilidad,-0.8522850262413696,0.13900821809019762,8.722719895832599e-10,0.19332794591807978,0.35372367637707725,1483.8218101706934,-0.4245866304703617,1.291852582669905e-29,645
UAI_food,UAI Alimentación,pct_pobreza,% Pobreza,Vulnerabilidad,-0.3329018664918709,0.10452361467678561,0.001447819884852502,0.1654282975171816,0.36522955108730937,1510.579056153293,-0.06312412258092782,0.1092348448838777,645
UAI_mob,UAI Movilidad,pct_pobreza,% Pobreza,Vulnerabilidad,-1.6573087921428895,0.11646139565951734,5.92209261629841e-46,0.3372188211518235,0.3934705718551398,1346.0583140881254,-0.7237073772340671,1.1501308653190256e-105,645
UAI_Crisk,UAI Riesgo Clim.,pct_pobreza,% Pobreza,Vulnerabilidad,-1.0511271308979433,0.13928773862472038,4.473029993528853e-14,0.21205023814009757,0.3425302846447118,1465.802632400755,-0.4911213995602435,1.841940941326333e-40,645
idx_gobernanza_100,Gobernanza (idx),pct_rural,% Rural,Vulnerabilidad,-0.1901374690930403,0.022664011034391033,4.886267726191948e-17,0.2962230664967598,0.6215851029236293,4878.8413187203805,-0.38794780687262903,1.3509015769577618e-24,645
UAI_housing,UAI Vivienda,pct_rural,% Rural,Vulnerabilidad,-8.870917092592505,1.0636132762750021,7.406501672833116e-17,0.29940964192282954,0.6120059896750272,4879.357307992244,-0.41537498861074246,2.7060007588864728e-28,645
UAI_env,UAI Ambiental,pct_rural,% Rural,Vulnerabilidad,-9.37515277746874,1.9313108228911733,1.208156786396441e-06,0.2657057465048603,0.5914794029149236,4922.414778818564,-0.31235428695383355,4.604571107459173e-16,645
UAI_food,UAI Alimentación,pct_rural,% Rural,Vulnerabilidad,2.1832651625350876,1.4610423245376316,0.13509192929180255,0.2481337811170759,0.5839774505509127,4943.413103205101,0.1537469707361383,8.838464492616583e-05,645
UAI_mob,UAI Movilidad,pct_rural,% Rural,Vulnerabilidad,-17.307025211931247,1.690403575306848,1.334268007002843e-24,0.32016920833968593,0.6324615549553368,4848.432928252127,-0.47506002658637964,1.277039546962135e-37,645
UAI_Crisk,UAI Riesgo Clim.,pct_rural,% Rural,Vulnerabilidad,-11.7108282967765,1.940350273175052,1.585500409738433e-09,0.27221234524428306,0.6071014409990285,4910.224763355014,-0.3008784279327978,5.801649030180889e-15,645
idx_gobernanza_100,Gobernanza (idx),pct_preta,% Pob. Negra,Vulnerabilidad,0.004576803479694315,0.0036120760425725883,0.20512528373898165,0.22903344158034458,0.5656501084547754,2495.9343069391516,0.1602937997554461,4.3224183502842456e-05,645
UAI_housing,UAI Vivienda,pct_preta,% Pob. Negra,Vulnerabilidad,0.32206754698105605,0.1695551399185638,0.05750065794639359,0.2317295377035697,0.5617178407236894,2493.9283364947623,0.20117561693832003,2.5761211669762935e-07,645
UAI_env,UAI Ambiental,pct_preta,% Pob. Negra,Vulnerabilidad,-0.2116482779238241,0.29455287243988837,0.47242385587209723,0.22638003886805336,0.5733795989906324,2497.02526763262,0.06757065146715137,0.086397835627318,645
UAI_food,UAI Alimentación,pct_preta,% Pob. Negra,Vulnerabilidad,-0.21465953337836466,0.21910795323013832,0.3272354168821948,0.22779299138171916,0.5686908529963003,2496.580722024545,-0.11001345006342046,0.005156836976289737,645
UAI_mob,UAI Movilidad,pct_preta,% Pob. Negra,Vulnerabilidad,0.6556058078111705,0.2763282028328359,0.017665195627763544,0.23400750814514015,0.5598843090088671,2491.9127659209053,0.22988295023426336,3.499673768027801e-09,645
UAI_Crisk,UAI Riesgo Clim.,pct_preta,% Pob. Negra,Vulnerabilidad,0.4237791464606275,0.3007861368702967,0.15886320751461036,0.22919932673587387,0.5665491511369911,2495.5557244274323,0.15725884733475762,6.043240872576288e-05,645
idx_gobernanza_100,Gobernanza (idx),pct_indigena,% Pob. Indígena,Vulnerabilidad,-0.0011183635089245698,0.0014067224174490862,0.4266055680989418,0.0010886023366469928,0.004089230584080738,1325.6077479411606,0.2303656855042807,3.2389722648324112e-09,645
UAI_housing,UAI Vivienda,pct_indigena,% Pob. Indígena,Vulnerabilidad,-0.07276918662408852,0.06666784633293248,0.27504480262767317,0.0019212661971291316,0.004025662059962313,1325.0502575974242,0.18761495659621072,1.6005166182596354e-06,645
UAI_env,UAI Ambiental,pct_indigena,% Pob. Indígena,Vulnerabilidad,0.11443840779357695,0.12172354794455716,0.3471405649103957,0.0014397823752037287,0.0033033715254386802,1325.3571679805418,0.1461566233506665,0.00019551855652712012,645
UAI_food,UAI Alimentación,pct_indigena,% Pob. Indígena,Vulnerabilidad,-0.08657155807615623,0.09120107259757093,0.3424993873760871,0.001530309157431952,0.005126449841386796,1325.338960717414,0.01213827359914156,0.7583202933465025,645
UAI_mob,UAI Movilidad,pct_indigena,% Pob. Indígena,Vulnerabilidad,-0.06210103887311417,0.10395737941297276,0.5502602556926462,0.0006474615763265265,0.0032572877991211414,1325.8831944980448,0.2643684099706177,8.92480114274642e-12,645
UAI_Crisk,UAI Riesgo Clim.,pct_indigena,% Pob. Indígena,Vulnerabilidad,-0.04765038469059069,0.11683615241232254,0.6833915955448571,0.0003615372125707636,0.003224897873143334,1326.0736289014158,0.2380191802984387,9.275654538404379e-10,645
idx_gobernanza_100,Gobernanza (idx),idx_vulnerabilidad,Vulnerab. (idx),Vulnerabilidad,-0.16934130378071052,0.01524136829741488,1.1136280108372992e-28,0.2278182961867454,0.35052022520487575,4349.605614213216,-0.44087994791483126,4.702341971792144e-32,645
UAI_housing,UAI Vivienda,idx_vulnerabilidad,Vulnerab. (idx),Vulnerabilidad,-6.827637706352276,0.7337887215667042,1.3445077983368255e-20,0.19187277513417633,0.3146840271901042,4381.307606850526,-0.3898325061604633,7.716416737940661e-25,645
UAI_env,UAI Ambiental,idx_vulnerabilidad,Vulnerab. (idx),Vulnerabilidad,-8.857381745853221,1.3552316412556606,6.331448933152842e-11,0.14433303122937907,0.26891726081890555,4420.993466318536,-0.3207514921777789,6.714645769237624e-17,645
UAI_food,UAI Alimentación,idx_vulnerabilidad,Vulnerab. (idx),Vulnerabilidad,-1.6646126855352252,1.037850544708376,0.10873520533809987,0.0999919884789037,0.2565368848975875,4459.958740762349,-0.019311094781988242,0.6244627583566302,645
UAI_mob,UAI Movilidad,idx_vulnerabilidad,Vulnerab. (idx),Vulnerabilidad,-13.667410610794992,1.134042350478113,1.8943760241762873e-33,0.24634367843737484,0.34952760306363173,4332.075422557542,-0.4987225758140844,7.367186444014099e-42,645
UAI_Crisk,UAI Riesgo Clim.,idx_vulnerabilidad,Vulnerab. (idx),Vulnerabilidad,-9.07632939819742,1.3419704203787184,1.347580635034277e-11,0.14843906795780312,0.2797484650972494,4418.373904308015,-0.3076453989076369,1.319981427264982e-15,645
idx_gobernanza_100,Gobernanza (idx),incidence_mean_dengue,Dengue,Salud,3.8773941269235004,0.9347303823270909,3.3518484537897076e-05,0.33524824973884176,0.6911988995491868,9683.703257599886,-0.03703850179901392,0.3476491496612184,645
UAI_housing,UAI Vivienda,incidence_mean_dengue,Dengue,Salud,171.6915772444365,43.69396160386856,8.515383057742229e-05,0.3379261877790406,0.6845568753299005,9685.37397615345,0.03295706288893917,0.40337488074243133,645
UAI_env,UAI Ambiental,incidence_mean_dengue,Dengue,Salud,144.6535875010615,77.26504360576256,0.06118256754864254,0.33171745419470866,0.6772376342611625,9697.112588202053,-0.001835481200046057,0.9628917610339391,645
UAI_food,UAI Alimentación,incidence_mean_dengue,Dengue,Salud,80.36869974034634,57.48566316906599,0.16209351730183708,0.3310041944578822,0.6760627416488785,9698.654701192741,-0.044881318573907696,0.2550341628074888,645
UAI_mob,UAI Movilidad,incidence_mean_dengue,Dengue,Salud,295.26027648198107,71.53115338071865,3.6638444004846274e-05,0.33360665760103714,0.693500864960622,9683.881545534714,-0.04131755132168008,0.2947548674755726,645
UAI_Crisk,UAI Riesgo Clim.,incidence_mean_dengue,Dengue,Salud,145.56374599630846,79.25203325908637,0.06625133163812988,0.3291995491158934,0.6812555935278637,9697.249179685841,-0.07621967835012029,0.05301482626780265,645
idx_gobernanza_100,Gobernanza (idx),incidence_mean_malaria,Malaria,Salud,-0.0008026984517261818,0.0075716343740335505,0.9155713276763175,0.027445950124163208,0.10144063985634798,3455.4918854911666,0.23278260384440103,2.1925726326832804e-09,645
UAI_housing,UAI Vivienda,incidence_mean_malaria,Malaria,Salud,0.3012446947856994,0.3564015364131478,0.3979770723097664,0.027814876387224467,0.09923076605421052,3454.7896432228044,0.23234704468849818,2.3530459751846464e-09,645
UAI_env,UAI Ambiental,incidence_mean_malaria,Malaria,Salud,0.2696289869322936,0.639943540122619,0.6735123294646574,0.02777297373556863,0.10207678486961362,3455.3256340109156,0.10550898123838708,0.007320812262179651,645
UAI_food,UAI Alimentación,incidence_mean_malaria,Malaria,Salud,-0.4053278031850158,0.47687605110236414,0.3953447198830178,0.02850811494448824,0.10253934329383643,3454.7811007753035,0.0470746448838417,0.2325207578043633,645
UAI_mob,UAI Movilidad,incidence_mean_malaria,Malaria,Salud,0.44406004577181213,0.5671071825619635,0.43361145376863597,0.0278176697764852,0.09982204044066324,3454.8909849757747,0.2623167002818845,1.3060748799582874e-11,645
UAI_Crisk,UAI Riesgo Clim.,incidence_mean_malaria,Malaria,Salud,-1.3315247159778347,0.6329951819474413,0.03541941591561526,0.03575803317784846,0.11673235720344105,3451.0745494338917,0.2016448149193933,2.4127662361056414e-07,645
idx_gobernanza_100,Gobernanza (idx),incidence_mean_leptospirose,Leptospirosis,Salud,0.02224562032603532,0.026269027593953196,0.39708522192900175,0.1596559988925351,0.37889409714913325,5040.728989076526,0.21743500801144777,2.4284210112225177e-08,645
UAI_housing,UAI Vivienda,incidence_mean_leptospirose,Leptospirosis,Salud,0.8492637911649394,1.2221595457533598,0.48712560187011766,0.15951634126361425,0.3816639103747906,5040.963358570067,0.16086244271578906,4.0565924290859645e-05,645
UAI_env,UAI Ambiental,incidence_mean_leptospirose,Leptospirosis,Salud,1.0874983366730793,2.1662425624754262,0.6156530481171087,0.1592590895138223,0.3812202328274153,5041.194044313934,0.11705078952726457,0.0029089885888417357,645
UAI_food,UAI Alimentación,incidence_mean_leptospirose,Leptospirosis,Salud,0.3901965732613693,1.6075010111599286,0.8082107810859597,0.1591043618053995,0.38248316195863247,5041.387222185413,0.025366667625903488,0.5201674464094731,645
UAI_mob,UAI Movilidad,incidence_mean_leptospirose,Leptospirosis,Salud,1.648102454539424,1.9969489077345073,0.40919545918722855,0.15961474323778116,0.3788068351545486,5040.765207286011,0.2444530646494705,3.1340356959121846e-10,645
UAI_Crisk,UAI Riesgo Clim.,incidence_mean_leptospirose,Leptospirosis,Salud,1.1905617602787453,2.194119974781387,0.5873951129892532,0.15926554531222964,0.3802212421883484,5041.151683792952,0.1934058763238759,7.452842100173416e-07,645
idx_gobernanza_100,Gobernanza (idx),incidence_mean_leishmaniose,Leishmaniasis,Salud,-0.0016992144690265198,0.027896470248082797,0.9514297301319586,0.25157588062477393,0.5462971299401479,5135.5345544844,-0.14966678570819808,0.00013607196568653446,645
UAI_housing,UAI Vivienda,incidence_mean_leishmaniose,Leishmaniasis,Salud,-0.8137156599359854,1.3028687965261672,0.532261933118364,0.2521088012055608,0.5455283310678974,5135.148188657222,-0.1371267446273527,0.0004788037992450018,645
UAI_env,UAI Ambiental,incidence_mean_leishmaniose,Leishmaniasis,Salud,1.8908400630058968,2.2861164503937976,0.40818208317792637,0.2518950892133822,0.5479325632640729,5134.854802576245,-0.05655193841746425,0.15140013382899792,645
UAI_food,UAI Alimentación,incidence_mean_leishmaniose,Leishmaniasis,Salud,1.1720506881424049,1.6998272400887393,0.4905013433306006,0.2520042944470632,0.5464363933070991,5135.06295397453,0.054008851704069064,0.17068873367209733,645
UAI_mob,UAI Movilidad,incidence_mean_leishmaniose,Leishmaniasis,Salud,-2.0631994157991334,2.135287359162976,0.3339242520218145,0.2531452368146105,0.5430401633851438,5134.604500778101,-0.23494051256201962,1.5419493343683792e-09,645
UAI_Crisk,UAI Riesgo Clim.,incidence_mean_leishmaniose,Leishmaniasis,Salud,0.3037166184994015,2.32924128283506,0.8962555520835851,0.2514892222754057,0.5467793789329266,5135.521264031489,-0.15709046708080926,6.155551566811795e-05,645
idx_gobernanza_100,Gobernanza (idx),incidence_diarrhea_mean,Diarrea,Salud,-0.23764432302620628,0.25543553220971754,0.3521901496040607,0.1158869241845805,0.2985926410215283,7963.569803957571,-0.12048579948440202,0.002175262966098174,645
UAI_housing,UAI Vivienda,incidence_diarrhea_mean,Diarrea,Salud,-16.36754471359711,11.917365337539083,0.1696218988522843,0.11688589863611595,0.29769166566585226,7962.549997544891,-0.09407490361312507,0.01685415823764799,645
UAI_env,UAI Ambiental,incidence_diarrhea_mean,Diarrea,Salud,2.06401140707765,20.911378780168768,0.9213742543932267,0.11572956711734807,0.3054699060161321,7964.425570721116,-0.03319831593139354,0.3999395231111683,645
UAI_food,UAI Alimentación,incidence_diarrhea_mean,Diarrea,Salud,7.278632990325336,15.560282312546267,0.6399490886881967,0.1159482975875856,0.30541538218278974,7964.216535693888,0.008175418866624765,0.8358297638533668,645
UAI_mob,UAI Movilidad,incidence_diarrhea_mean,Diarrea,Salud,-29.449118147155033,19.63878983993465,0.13373403236661338,0.11646217888756487,0.2905966637560795,7962.188669450994,-0.19804315684907342,3.973589801519056e-07,645
UAI_Crisk,UAI Riesgo Clim.,incidence_diarrhea_mean,Diarrea,Salud,-11.581694525591258,21.294502833127712,0.5865227494443672,0.11558881084964226,0.3014083484091238,7964.139484471343,-0.16692573912867142,2.034262914066534e-05,645
idx_gobernanza_100,Gobernanza (idx),health_death_circ_mean,Mort. Cardiovasc.,Salud,-0.07521893305714082,0.09442050555495987,0.4256614837676034,0.1832807452266832,0.4084637586614198,6688.9180488772345,-0.11475091135730667,0.0035194097072919492,645
UAI_housing,UAI Vivienda,health_death_circ_mean,Mort. Cardiovasc.,Salud,-5.4391624080953695,4.414495270404531,0.21790641928207666,0.18419494192089206,0.4071424760616823,6688.034653423016,-0.10759696014816349,0.0062329521890451605,645
UAI_env,UAI Ambiental,health_death_circ_mean,Mort. Cardiovasc.,Salud,9.026489281754461,7.744226834757403,0.2437856890469009,0.1839961417456287,0.4181861151595086,6688.197400332139,-0.03442571285472702,0.3827352977913433,645
UAI_food,UAI Alimentación,health_death_circ_mean,Mort. Cardiovasc.,Salud,2.609850532106937,5.754052211462466,0.650140217944792,0.18283733622599393,0.41211909154992865,6689.347079440342,0.04906849785612262,0.21330905933271577,645
UAI_mob,UAI Movilidad,health_death_circ_mean,Mort. Cardiovasc.,Salud,-15.111564332624113,7.190307368215997,0.035583277757727176,0.18717990742056972,0.40164495299541697,6685.144414501388,-0.18877021552620407,1.3767275682046168e-06,645
UAI_Crisk,UAI Riesgo Clim.,health_death_circ_mean,Mort. Cardiovasc.,Salud,-4.994113734788537,7.866454593570377,0.525518369605429,0.1830427029351599,0.40969994609131527,6689.149701233653,-0.1263367682474531,0.001303428889961888,645
idx_gobernanza_100,Gobernanza (idx),health_hosp_resp_mean,Hosp. Respiratoria,Salud,-1.2069080374170562,0.9111731453240899,0.1853154781412335,0.22579973861674774,0.49420169627182053,9599.731278807047,-0.21144520983786477,5.925464891710068e-08,645
UAI_housing,UAI Vivienda,health_hosp_resp_mean,Hosp. Respiratoria,Salud,-50.29824616486795,42.24330040307292,0.233779295132709,0.225125380835968,0.4971117103911159,9600.070203720823,-0.16980792608526157,1.4526569821814333e-05,645
UAI_env,UAI Ambiental,health_hosp_resp_mean,Hosp. Respiratoria,Salud,24.438842395999853,73.49914335272703,0.7395078648239949,0.2228431394976787,0.5052681778097625,9601.379190636448,-0.0811768112941695,0.03929934672428021,645
UAI_food,UAI Alimentación,health_hosp_resp_mean,Hosp. Respiratoria,Salud,7.7985337716657055,54.423328591762484,0.8860580330649491,0.22291578625707875,0.5039677160218138,9601.46916189292,0.03120387983949061,0.4288647884152117,645
UAI_mob,UAI Movilidad,health_hosp_resp_mean,Hosp. Respiratoria,Salud,-139.52001138574255,70.66618824232357,0.04834160122345008,0.2289537101631751,0.48520464982648664,9597.57248856732,-0.30994981454466014,7.90249506925121e-16,645
UAI_Crisk,UAI Riesgo Clim.,health_hosp_resp_mean,Hosp. Respiratoria,Salud,-135.38188406783013,75.58960906805022,0.07329139662554335,0.22734073111347278,0.49339645004110244,9598.277894546163,-0.26492807008250174,8.039727872028141e-12,645
idx_gobernanza_100,Gobernanza (idx),idx_carga_enfermedad,Carga Enf. (idx),Salud,0.033352517690307705,0.010536383740949591,0.0015483712037162166,0.28903898353097984,0.6030328405671426,3885.553893428725,-0.005341368295623661,0.8923021337120599,645
UAI_housing,UAI Vivienda,idx_carga_enfermedad,Carga Enf. (idx),Salud,1.5466350791933012,0.4920859837491161,0.0016721558628683866,0.29049332014117213,0.598414796603832,3885.6788222325713,0.03849940736829638,0.3289509728830634,645
UAI_env,UAI Ambiental,idx_carga_enfermedad,Carga Enf. (idx),Salud,1.657823248161085,0.8680691759830382,0.056161234241330134,0.28631550778883974,0.5933088560974409,3891.8374505675256,0.023563884347000272,0.5502599986282466,645
UAI_food,UAI Alimentación,idx_carga_enfermedad,Carga Enf. (idx),Salud,0.7141575707845874,0.6466341183995883,0.2694097030702085,0.2847413999617132,0.5910260568805432,3894.2540623131617,-0.0007773324077969774,0.9842798953456227,645
UAI_mob,UAI Movilidad,idx_carga_enfermedad,Carga Enf. (idx),Salud,2.460381677273561,0.8065027085258655,0.002283237807795785,0.28745927396010296,0.6056690546642017,3886.261242174127,-0.04455807415284346,0.25847581755605237,645
UAI_Crisk,UAI Riesgo Clim.,idx_carga_enfermedad,Carga Enf. (idx),Salud,0.6773814858728542,0.8896115934719868,0.44639723376376517,0.2836089962755065,0.5926787667688737,3894.8933768867355,-0.045565250803461514,0.247857321692098,645
