outcome,moderator,predictor,coef_predictor,p_predictor,coef_moderator,p_moderator,coef_interaction,se_interaction,p_interaction,aic_interaction,aic_additive,delta_aic,r2_marginal,n,interaction_significant,interaction_improves_fit
idx_gobernanza,pct_pobreza,flooding_risks,0.008146404842397984,0.9114692476035254,-0.4609753283020294,1.1098396050726139e-31,-0.19228738766994105,0.08170866569688164,0.018606154256257963,1495.8089469309189,1499.3391151555616,-3.5301682246426935,0.29617583722043106,645,True,True
idx_gobernanza,pct_pobreza,fire_risk_index,0.058111724513612247,0.18598193977707123,-0.46356332045028287,1.8364326888422365e-25,-0.12764688115410489,0.033663298284641,0.00014951663832580515,1505.1963723351728,1517.4011707779937,-12.204798442820902,0.288670889038875,645,True,True
idx_gobernanza,pct_pobreza,hydric_stress_risk,-0.03895768910917185,0.2527422725297106,-0.5703250679051902,1.8340991985766274e-48,-0.21664235999672737,0.02791229137279704,8.390438900391782e-15,1465.3036078010755,1521.1105157701068,-55.80690796903127,0.32892000172651564,645,True,True
idx_gobernanza,pct_pobreza,incidence_mean_dengue,0.03895521393034213,0.3100310477225192,-0.42305083515179515,5.3678962761254995e-36,-0.024315953985256482,0.032912589232546245,0.46002599654200027,1522.3155843605255,1520.8612245821369,1.454359778388607,0.2697841764122072,645,False,False
idx_gobernanza,pct_pobreza,incidence_mean_malaria,-0.06641674946538968,0.06061343085845764,-0.44009392884776977,3.1068832679337374e-40,-0.10531626065298726,0.0417984957202947,0.011748210778242348,1517.0788210358296,1521.4082287001766,-4.329407664346945,0.27458408582775456,645,True,True
idx_gobernanza,pct_pobreza,health_death_circ_mean,-0.028645485758313428,0.39694336194774127,-0.44234627843427543,1.5244799439670414e-39,0.06572598582157234,0.028327890142952207,0.020330795277419284,1518.4692674774014,1521.8264352546448,-3.357167777243376,0.2731294785336948,645,True,True
idx_gobernanza,pct_pobreza,forest_cover,0.06946386846151192,0.07088917238409699,-0.44115874092550095,2.447284239107378e-39,-0.06909060397519182,0.043808369066635135,0.11477028471776543,1515.8281329223428,1516.2892544401093,-0.46112151776651444,0.2744962616751266,645,False,True
idx_gobernanza,pct_pobreza,mean_species_richness,-0.004344700268473411,0.9130599777784117,-0.45820756637815613,5.4900826530056796e-39,-0.09072793229649184,0.035165656185189464,0.00987959272684093,1517.2439169243753,1521.8453009143332,-4.601383989957867,0.2740294624255022,645,True,True
idx_gobernanza,pct_pobreza,pol_deficit,-0.06741513223904716,0.08916217389861796,-0.44089721356867634,1.754896735537998e-39,0.07971791386534886,0.04212000166258308,0.05840603250020883,1511.824297183086,1513.3861832063458,-1.5618860232598308,0.2789088446800899,645,False,True
idx_gobernanza,pct_rural,flooding_risks,0.17875932341431536,3.846608117584598e-05,-0.2598494652591323,2.6675741638385484e-12,-0.006206497371201365,0.037667478128379284,0.8691244535762725,1591.200717772439,1589.2278728818674,1.9728448905716505,0.19395554866230463,645,False,False
idx_gobernanza,pct_rural,fire_risk_index,0.26935362784150996,2.041286883348124e-12,-0.2811310076275346,1.8855594690528483e-13,-0.07549437576358362,0.037387191265984845,0.04346043661887266,1555.3557583250058,1557.4140009505809,-2.058242625575076,0.22843997589569875,645,True,True
idx_gobernanza,pct_rural,hydric_stress_risk,0.0652510389535725,0.06780384397356291,-0.3079428766962501,1.9009699495481704e-13,-0.116905295059413,0.03346605585641162,0.00047717979499440504,1596.2110102096985,1606.3051519791961,-10.094141769497583,0.19220626545897934,645,True,True
idx_gobernanza,pct_rural,incidence_mean_dengue,0.017469915378573946,0.6991526047428296,-0.37574530961648994,6.865775487613746e-17,-0.17563280805858872,0.045277920243297895,0.00010488908363202479,1596.4098523799648,1609.2778638375703,-12.868011457605462,0.19255015651833593,645,True,True
idx_gobernanza,pct_rural,incidence_mean_malaria,-0.06540709085403221,0.11040676610265582,-0.29594924833200453,7.407188093331134e-15,-0.07383524868330668,0.04400573405413421,0.09337537472469384,1609.681260616584,1610.490009376459,-0.8087487598750158,0.17774964947702082,645,False,True
idx_gobernanza,pct_rural,health_death_circ_mean,-0.03187694955574982,0.3821104646836503,-0.2887346971171924,3.791372654041656e-14,0.001625230558052164,0.031650506720936236,0.9590472044824874,1612.274216468284,1610.2768532998462,1.9973631684379143,0.1744729871235352,645,False,False
idx_gobernanza,pct_rural,forest_cover,0.17552266469548466,0.00023224451854011736,-0.3236661881070705,1.1593406803697818e-16,0.03210885491208405,0.027553160561983002,0.24388058933876788,1599.136366750875,1598.4966208593596,0.6397458915153038,0.1832906130798961,645,False,False
idx_gobernanza,pct_rural,mean_species_richness,0.09539540621361683,0.05246870552160356,-0.2975335375199848,3.3232946493081e-15,0.04361885360920208,0.033492527260767624,0.19279818739909726,1608.507221263395,1608.2002277425563,0.3069935208386596,0.1767874528741426,645,False,False
idx_gobernanza,pct_rural,pol_deficit,-0.12427932961575133,0.0107854743846967,-0.2878473107295659,6.292138624539202e-14,-0.02636202086106063,0.03579509542011534,0.4614446003267899,1606.8847307210244,1605.426474375604,1.4582563454205228,0.17702300627139755,645,False,False
idx_gobernanza,pct_preta,flooding_risks,0.21714901653059562,9.304125848844897e-07,0.04861198517126233,0.2015926442763779,-0.0123569629574477,0.02850125646991834,0.6646090520680766,1638.700576115125,1636.8885187032474,1.812057411877504,0.13342179639898374,645,False,False
idx_gobernanza,pct_preta,fire_risk_index,0.3334464441374843,4.147788095016143e-17,0.0072924255705338024,0.8494929012639407,-0.078511271524732,0.028134709678040826,0.005261881825431433,1599.3620038694053,1605.121002109514,-5.758998240108667,0.1893386308101709,645,True,True
idx_gobernanza,pct_preta,hydric_stress_risk,0.1530292444910345,1.2608024404269021e-05,0.06757410086831651,0.07727271976177275,0.03434938295280467,0.03294969552672947,0.297189413244374,1646.1511098158544,1645.238002844956,0.9131069708982977,0.13066311670961975,645,False,False
idx_gobernanza,pct_preta,incidence_mean_dengue,0.10979409740622878,0.01525640683655276,0.062294775193481554,0.11930001710739135,-0.0012628446997175026,0.04030432079747188,0.9750041825468462,1660.514275492993,1658.5152572096586,1.999018283334408,0.11968067137995118,645,False,False
idx_gobernanza,pct_preta,incidence_mean_malaria,-0.07334216221387675,0.11510537315971295,0.07192969873929837,0.06520446741061829,0.04631766888997415,0.02719951691960077,0.08858945733179104,1663.2367019889398,1664.135652193072,-0.8989502041322339,0.11128972640912838,645,False,True
idx_gobernanza,pct_preta,health_death_circ_mean,-0.00509294050886499,0.8987584246847518,0.0834330458767294,0.040013521995205144,0.11287554828440124,0.035666831129574035,0.0015523204083410613,1656.0322688876158,1663.9700609567162,-7.9377920691003965,0.12083273576034782,645,True,True
idx_gobernanza,pct_preta,forest_cover,0.11024502042054553,0.03177958901590542,0.07969823808207731,0.04462590554053645,-0.02553994010345503,0.02791022396725474,0.36015241054353697,1662.2226828900557,1661.0593582090187,1.163324681037011,0.10702338871061325,645,False,False
idx_gobernanza,pct_preta,mean_species_richness,0.07285476283693555,0.15139103793475264,0.07683469841205097,0.049333085621500246,0.0046964220667642465,0.0366890209132221,0.8981440682883552,1664.401278941954,1662.4176651232765,1.9836138186774406,0.10648478554770945,645,False,False
idx_gobernanza,pct_preta,pol_deficit,-0.09191712138771727,0.08644363736643514,0.05087639038481223,0.20287668166107842,-0.018817096375957625,0.027575053131493974,0.4949888040106476,1660.2791531913217,1658.7446228385625,1.5345303527592478,0.10933038321665618,645,False,False
idx_gobernanza,pct_indigena,flooding_risks,0.21429001555445223,2.9060688727576156e-08,-0.058140540076063486,0.28446669634853805,-0.09138753600299593,0.1345932135453874,0.4971437747350831,1639.1687427425068,1637.63026402767,1.538478714836856,0.13420101230876652,645,False,False
idx_gobernanza,pct_indigena,fire_risk_index,0.313652478953514,6.585271254605822e-16,-0.025569371760909145,0.5184701531969782,-0.02422043356821301,0.057108407475493644,0.6714832065745611,1607.063128817258,1605.2430018908844,1.8201269263736322,0.18105441713836914,645,False,False
idx_gobernanza,pct_indigena,hydric_stress_risk,0.15680299446255297,9.151013925660346e-06,0.06266274647766502,0.4721139743312126,0.04358767421328279,0.04691341079821717,0.3528325784386048,1649.0209915994974,1647.884201465945,1.1367901335524948,0.12897610525892472,645,False,False
idx_gobernanza,pct_indigena,incidence_mean_dengue,0.11952724804154857,0.007930982009083385,-0.05149901148852277,0.22911353243715138,0.02899690336546686,0.043956841833547325,0.5094671774584036,1661.57724098791,1660.012239275905,1.5650017120051416,0.12026236027860256,645,False,False
idx_gobernanza,pct_indigena,incidence_mean_malaria,-0.023478050870240387,0.6592280199581996,-0.026654104222061298,0.5019043215482709,0.010093460280002816,0.09377569522579673,0.9142859654922899,1668.7523932085296,1666.7639800422157,1.988413166313876,0.1078819364622269,645,False,False
idx_gobernanza,pct_indigena,health_death_circ_mean,-0.04121636511298328,0.28298184876488186,-0.04292287290818673,0.260658622510033,0.07631405471231856,0.09992254484858873,0.4450269092231567,1667.1499067489685,1665.7328597722517,1.417046976716847,0.10843625153046794,645,False,False
idx_gobernanza,pct_indigena,forest_cover,0.11239725798356183,0.03615579943251127,-0.043455337979900185,0.2545601484869875,-0.045690780036644826,0.073754363286623,0.5355874506918118,1665.081454961808,1663.4650762279052,1.6163787339028204,0.10569698250795272,645,False,False
idx_gobernanza,pct_indigena,mean_species_richness,0.06457075478727042,0.20833670468701826,-0.025332507120271203,0.478976052656901,0.018241256972666653,0.06018692609158892,0.7618313845806403,1667.466931838827,1665.5587814786213,1.9081503602055818,0.10611408435237117,645,False,False
idx_gobernanza,pct_indigena,pol_deficit,-0.12204316026751019,0.0071120229885339534,-0.025738639097138923,0.48300120960584414,-0.03420572896078299,0.08177165584934676,0.6757220204450095,1661.84684674641,1660.0217683366154,1.8250784097945143,0.10772117030939025,645,False,False
idx_gobernanza,idx_vulnerabilidad,flooding_risks,0.20613480287384237,1.3466566818150294e-07,-0.34456139077626474,7.261104842800115e-27,0.021830743657561293,0.03999560441277031,0.5851837808485056,1533.5988329524216,1531.896534947702,1.7022980047195233,0.2571843886242922,645,False,False
idx_gobernanza,idx_vulnerabilidad,fire_risk_index,0.2097832412518563,6.037694352466913e-08,-0.3106270729188774,1.0335182431955039e-19,-0.09091522148298944,0.033521733746495704,0.006685283957928061,1528.063461086239,1533.3461831355016,-5.282722049262702,0.2589481804785314,645,True,True
idx_gobernanza,idx_vulnerabilidad,hydric_stress_risk,0.00013959700240089354,0.9968529147970908,-0.43768776507523866,6.050972154080952e-30,-0.16986062372261113,0.029838831785700008,1.2511706434661479e-08,1530.89848205602,1560.3887929786288,-29.490310922608842,0.2614647902074267,645,True,True
idx_gobernanza,idx_vulnerabilidad,incidence_mean_dengue,0.04402381318734548,0.2928292298612615,-0.35367140626664434,1.816317465653433e-26,-0.061159607080368154,0.03293783671194684,0.06333688344795857,1557.3836243262813,1558.8234719911534,-1.4398476648721044,0.2340196130077722,645,False,True
idx_gobernanza,idx_vulnerabilidad,incidence_mean_malaria,-0.022439613474509835,0.4829783824590276,-0.35652518321882753,2.9753209549003546e-27,-0.02515249606141988,0.05867146027699998,0.6681410515262115,1561.6697151085964,1559.8534697957657,1.816245312830688,0.22935647593526037,645,False,False
idx_gobernanza,idx_vulnerabilidad,health_death_circ_mean,-0.07765471052608837,0.026542533770261303,-0.3583516250488315,6.040261605200374e-28,0.05489001523129114,0.031040445550573205,0.07700432959159048,1555.559942601436,1556.6814597027496,-1.121517101313657,0.2356582132566349,645,False,True
idx_gobernanza,idx_vulnerabilidad,forest_cover,0.18258678685998622,2.0129856277978783e-05,-0.37812802633157533,1.4529679397945926e-30,0.007395655364845489,0.02720827284803599,0.7857631778145957,1546.8938189560104,1544.967712449511,1.926106506499309,0.24160354743820198,645,False,False
idx_gobernanza,idx_vulnerabilidad,mean_species_richness,0.04180944018155114,0.36994196306841287,-0.35556812643956687,1.1908535446916261e-26,-0.010547620089579577,0.03203521233830058,0.7419661097340172,1561.4378021344337,1559.5461971500208,1.8916049844128793,0.2292703051751212,645,False,False
idx_gobernanza,idx_vulnerabilidad,pol_deficit,-0.16398682892260694,4.0537682877809544e-05,-0.3645896372200676,3.4852350922658444e-29,-0.023868087328039408,0.037780481183713695,0.5275456084645836,1547.4201609455577,1545.8193882252435,1.6007727203141258,0.2417180630340208,645,False,False
UAI_Crisk,pct_pobreza,flooding_risks,0.8954692038357275,0.029668357282555055,-1.1212809979023584,9.172387575139298e-07,0.11766272487065818,0.46686619836205057,0.801020463314451,3816.5620411496247,3814.6255580261077,1.936483123517064,0.10144646497004059,645,False,False
UAI_Crisk,pct_pobreza,fire_risk_index,-0.28026496092401953,0.20196709689181136,-1.405697602448646,6.5732164962683e-09,0.03805678456495582,0.20331590279388015,0.8515190662400314,3831.5228233132702,3829.557859937483,1.9649633757871925,0.08099101322810938,645,False,False
UAI_Crisk,pct_pobreza,hydric_stress_risk,-0.45522628522541886,0.02821025722325241,-1.8848151784162401,4.323795036347966e-16,-0.6351492003885685,0.17567713569613078,0.00029984413117931113,3816.168226459532,3827.1209711563015,-10.952744696769514,0.102229295554459,645,True,True
UAI_Crisk,pct_pobreza,incidence_mean_dengue,-0.4691164410824076,0.013842712818671445,-1.346983795759949,3.894576562586395e-13,0.3464503848637636,0.1924530245146703,0.07183197537643933,3824.3035361688217,3825.5310438686593,-1.227507699837588,0.09080007928078203,645,False,True
UAI_Crisk,pct_pobreza,incidence_mean_malaria,-0.6616802783041457,0.0017050663921535701,-1.3254654648062019,3.4401875821462786e-12,-0.10731179442241598,0.2501054629272673,0.6678750669147526,3822.059379885566,3820.243472003898,1.815907881667954,0.09605875941482574,645,False,False
UAI_Crisk,pct_pobreza,health_death_circ_mean,-0.14534083714514173,0.46032983402833927,-1.3085709272679682,1.8326628208237725e-11,0.08199315994463466,0.16830006743900214,0.626127690731092,3832.7424037992805,3830.979574793432,1.762829005848289,0.08010510777746255,645,False,False
UAI_Crisk,pct_pobreza,forest_cover,0.42364489573075326,0.041788439552729775,-1.3150257006765425,1.0078583078532731e-11,-0.31490699540894773,0.24998915333093485,0.20778387209436877,3824.8158850115788,3824.3983363662555,0.41754864532322244,0.08999566375522221,645,False,False
UAI_Crisk,pct_pobreza,mean_species_richness,0.25195381853607907,0.20912055601825197,-1.3762625558419617,9.018902857529219e-12,-0.4505222285174718,0.20691877098077383,0.02945891605695229,3826.1517417415844,3828.8351923566315,-2.6834506150471498,0.08825586272369206,645,True,True
UAI_Crisk,pct_pobreza,pol_deficit,-0.5573589589765929,0.014878840572490202,-1.2481306955293126,1.3510344719588718e-10,0.08456216687428288,0.24674148470222954,0.7318123923808624,3823.998540872488,3822.1159730977024,1.882567774785457,0.09110753353065722,645,False,False
UAI_Crisk,pct_rural,flooding_risks,1.0743162481487325,1.2340102566749628e-06,-0.6421471601090948,0.000822604295642176,0.17451372034863458,0.20243912479392756,0.3886570879185697,3842.083793010176,3840.8263810693998,1.2574119407763646,0.06561948052018203,645,False,False
UAI_Crisk,pct_rural,fire_risk_index,0.3358065452132217,0.12947524713345215,-0.6417359039456539,0.0027759853063515807,0.21771688698212643,0.22473779316097733,0.33266516496679843,3861.850145973355,3860.787291657535,1.0628543158200046,0.04904463696726915,645,False,False
UAI_Crisk,pct_rural,hydric_stress_risk,-0.02997259089654011,0.8855635208199927,-0.8071188887510122,0.00048456512367319105,-0.18087091532958427,0.19689081978821654,0.3582862075147174,3863.71985253204,3862.5633481270625,1.156504404977568,0.043410752530848154,645,False,False
UAI_Crisk,pct_rural,incidence_mean_dengue,-0.6811224917188017,0.0023606722356627986,-0.9761575770437013,7.49263338111654e-05,-0.21562524634449157,0.2513524256464259,0.39096965417867036,3856.01907808743,3854.7538406707754,1.2652374166545997,0.0483506444598627,645,False,False
UAI_Crisk,pct_rural,incidence_mean_malaria,-0.5819600405690694,0.01355998647134391,-0.745071089619809,0.00025441193806778677,0.08378602492905426,0.2538650070091377,0.7413684941027554,3853.496023464563,3851.6049341172175,1.891089347345769,0.06030070198504569,645,False,False
UAI_Crisk,pct_rural,health_death_circ_mean,-0.2063954590675077,0.31272105501536784,-0.7148515882177066,0.0005030251117228185,-0.05710030899439842,0.18292937232565235,0.7549310762337649,3863.3607259822347,3861.45816021288,1.9025657693546236,0.04341532692608824,645,False,False
UAI_Crisk,pct_rural,forest_cover,0.9190887479859178,1.269117018026991e-05,-0.9143664747181477,1.475205900298484e-05,0.024034380728616935,0.14750260538897791,0.8705640416937177,3848.294848647014,3846.3213893756183,1.9734592713957682,0.0567608735360172,645,False,False
UAI_Crisk,pct_rural,mean_species_richness,0.6467508882487865,0.0029316280133944105,-0.6918771647176423,0.0006374745064136679,-0.22923954632317578,0.18641218885951685,0.21879243077877697,3854.3866893661634,3853.8985461382845,0.48814322787893616,0.05136104487004227,645,False,False
UAI_Crisk,pct_rural,pol_deficit,-0.8314257040588644,0.000339246164749566,-0.7301781122393126,0.00031273780585708446,-0.11995381667315161,0.19832415994426206,0.5452872168877929,3852.131753132534,3850.4961559192634,1.6355972132705574,0.05185723071970037,645,False,False
UAI_Crisk,pct_preta,flooding_risks,0.9351978998578069,6.772548359392081e-05,0.3342405414359325,0.0896808558446254,0.054411238791459794,0.15663036051142665,0.728301136814034,3850.175784789225,3848.296449899669,1.8793348895560484,0.05345652053641939,645,False,False
UAI_Crisk,pct_preta,fire_risk_index,0.5089967228693563,0.02044741164663301,0.29576243350586456,0.15740465123454406,-0.5227292897534003,0.16091351350074515,0.0011601079642930847,3859.5816619422403,3868.0203872905577,-8.438725348317348,0.04668302438275551,645,True,True
UAI_Crisk,pct_preta,hydric_stress_risk,0.19734692193520145,0.31171438455196354,0.4662206166209364,0.022647227626201742,0.09603463664133954,0.18620231079849678,0.6060260463569056,3870.742754343967,3869.0087363585317,1.7340179854354574,0.02843766326189882,645,False,False
UAI_Crisk,pct_preta,incidence_mean_dengue,-0.5006675833768985,0.018496129869996235,0.5195488121431433,0.011835210120596806,-0.15591751034084506,0.2106619351216555,0.45922027506949614,3866.6728288813565,3865.219233456891,1.453595424465675,0.030406557412323176,645,False,False
UAI_Crisk,pct_preta,incidence_mean_malaria,-0.6786391883249929,0.008434679751579537,0.48444541076919695,0.017649765088839565,0.055251130704891,0.1515008339738751,0.7153413873726231,3861.5526266502593,3859.685632795936,1.866993854323482,0.04334430494878408,645,False,False
UAI_Crisk,pct_preta,health_death_circ_mean,-0.09280751442606333,0.6635455887244861,0.5049702124047332,0.017068045396520355,0.4743737981532195,0.19599762622611766,0.015507545551355873,3865.604710078962,3869.4331763658156,-3.8284662868536543,0.03538932926362525,645,True,True
UAI_Crisk,pct_preta,forest_cover,0.6556050569207365,0.0027421273893495513,0.46011744002767035,0.024287669976137655,-0.06817335197830543,0.151042360528694,0.6517354885470905,3863.803191065611,3862.006792412718,1.7963986528930036,0.03422991260028834,645,False,False
UAI_Crisk,pct_preta,mean_species_richness,0.6159644602744205,0.0022212334728807666,0.4711665234855712,0.016355284256442042,0.385638938199969,0.1945500556580778,0.0474558153167396,3859.726268269642,3861.6222870041674,-1.896018734525569,0.03989316296053288,645,True,True
UAI_Crisk,pct_preta,pol_deficit,-0.7239901254876342,0.005403529319887922,0.3514899085186143,0.091172435597838,0.04531268203443864,0.1507336629646853,0.7637086892223369,3862.465038791901,3860.5553592858905,1.9096795060104341,0.036211378225333817,645,False,False
UAI_Crisk,pct_indigena,flooding_risks,1.040376573908437,2.6656248039176213e-07,-0.06243016654373648,0.8276946664295828,-0.2763742253796525,0.6956792737685432,0.6911665442038222,3853.1632028000395,3851.3208940491686,1.8423087508708704,0.049463675232574916,645,False,False
UAI_Crisk,pct_indigena,fire_risk_index,0.40324795766245314,0.06115189974919538,0.30612456921199355,0.2014463594823266,0.5931439884595545,0.34223844257670616,0.08307242169654018,3870.98706911562,3871.9837126014745,-0.9966434858542925,0.0371532283314906,645,False,True
UAI_Crisk,pct_indigena,hydric_stress_risk,0.25037766775574605,0.20447969343624595,0.402138298094733,0.41525034873863687,0.2003878071406714,0.26482178663763495,0.44923603854515837,3875.277159248638,3873.849527828098,1.4276314205399103,0.02528416554037467,645,False,False
UAI_Crisk,pct_indigena,incidence_mean_dengue,-0.3966422936979563,0.06972345871497214,-0.09393958847146379,0.6971358952448349,0.2252283190632033,0.24991364767742782,0.36746893108848033,3873.3650367473456,3872.176705084743,1.1883316626026499,0.025279847742487406,645,False,False
UAI_Crisk,pct_indigena,incidence_mean_malaria,-0.8560651372599736,0.003553853023927252,0.1678565229908099,0.44677715499445547,0.5559737121891062,0.5171090678888836,0.2823042026645245,3865.9379995275303,3865.093121859779,0.8448776677514616,0.04067509779920296,645,False,False
UAI_Crisk,pct_indigena,health_death_circ_mean,-0.2576332702890417,0.2120862805096374,-0.10385280793028567,0.6304221148807652,0.723508416828996,0.5576534748640869,0.19448816665796265,3873.852264754594,3873.5334328735034,0.3188318810907731,0.02606556631532157,645,False,False
UAI_Crisk,pct_indigena,forest_cover,0.8163122531716219,0.0004964091377065148,-0.13504991726743698,0.521904949443525,-0.5488800064260803,0.3935440235421732,0.16310313843612567,3866.832940778625,3866.7656869776956,0.06725380092939304,0.030693640618761703,645,False,False
UAI_Crisk,pct_indigena,mean_species_richness,0.6229427630297385,0.004180188595795867,0.0055522628763856425,0.9780673305987255,-0.156427932274598,0.3361397384489942,0.6416695340431627,3869.7858998122774,3868.0024274629195,1.7834723493579077,0.028164329028892595,645,False,False
UAI_Crisk,pct_indigena,pol_deficit,-0.8291104398538637,8.756901013808956e-05,-0.1021630848989755,0.61598973638053,0.6159760288031495,0.4381799841290779,0.15979531247220058,3863.3210759923795,3863.293215416713,0.027860575666636578,0.03559502717451408,645,False,False
UAI_Crisk,idx_vulnerabilidad,flooding_risks,1.1195960899924213,6.722045634760346e-08,-0.8620871114799609,3.226445744451892e-06,0.4194950413727679,0.22863477617530106,0.06653795165254948,3828.094469144644,3829.447557520696,-1.3530883760522556,0.08547489976369435,645,False,True
UAI_Crisk,idx_vulnerabilidad,fire_risk_index,0.0850071939298989,0.6967159945208621,-0.9032690896738532,9.595015762985263e-06,0.09337288915004247,0.2086366634311877,0.6544864702199596,3853.4630054405225,3851.66328719978,1.7997182407425498,0.05806820868629733,645,False,False
UAI_Crisk,idx_vulnerabilidad,hydric_stress_risk,-0.229063506299861,0.28530019453240385,-1.2148782828411544,1.7897963895418904e-07,-0.34181804123467274,0.18254923190711358,0.061141547264815,3849.2037105657955,3850.700994241073,-1.4972836752776857,0.06386763382159741,645,False,True
UAI_Crisk,idx_vulnerabilidad,incidence_mean_dengue,-0.5286158786125097,0.012962900517553593,-0.9856010728105855,3.1008840260984553e-07,0.11769607136844165,0.19710407544879752,0.5504229106816594,3847.255697045034,3845.6121596285366,1.6435374164975656,0.06203797010166334,645,False,False
UAI_Crisk,idx_vulnerabilidad,incidence_mean_malaria,-0.6359278580102644,0.0007323306531162463,-0.9343188607088937,1.1350233079965024e-06,0.25725879217838904,0.3498152154795711,0.4620877717964408,3842.3258969813305,3840.8665755448383,1.459321436492246,0.07494063446890156,645,False,False
UAI_Crisk,idx_vulnerabilidad,health_death_circ_mean,-0.3095506856952543,0.1233640040838438,-0.9432236285374742,8.513249908079795e-07,0.09956433313772875,0.1854879551719497,0.5914266327609887,3851.3899291740818,3849.677942867799,1.711986306282597,0.0586527925523415,645,False,False
UAI_Crisk,idx_vulnerabilidad,forest_cover,0.8542034016411267,3.441100737117176e-05,-1.038074307286378,4.300523620242491e-08,-0.04473725912727767,0.15663999412417756,0.7751802157187555,3839.1035743076927,3837.1851326555043,1.9184416521884486,0.07024619710746689,645,False,False
UAI_Crisk,idx_vulnerabilidad,mean_species_richness,0.5089274103299544,0.0196833271689846,-0.9130394180303861,2.3448843098830347e-06,-0.12524952473026713,0.18613593748641372,0.5010155184793594,3847.984031406584,3846.4368805035037,1.5471509030803645,0.06140056787503916,645,False,False
UAI_Crisk,idx_vulnerabilidad,pol_deficit,-0.8378031944406946,2.6173270558290868e-05,-0.9782205850765602,1.6958619516295827e-07,-0.08243289513542147,0.21793753216998812,0.7052516213302906,3838.431386625556,3836.5743859987897,1.8570006267664212,0.07126467304514479,645,False,False
UAI_env,pct_pobreza,flooding_risks,-0.02684214964817255,0.9262671412737964,-0.4377952506176476,0.006129864428891535,-0.44571092749409424,0.32782265742957656,0.17395340651402713,3300.5190093422207,3300.3557259107893,0.16328343143140955,0.040513025246103465,645,False,False
UAI_env,pct_pobreza,fire_risk_index,0.16024792811557134,0.2840685825956716,-0.44733861748226206,0.007510895809884268,-0.2675528360447823,0.13580527633433734,0.04882449691072638,3301.8686118728765,3303.737047386744,-1.8684355138675528,0.04128416856339289,645,True,True
UAI_env,pct_pobreza,hydric_stress_risk,-0.09084835053932076,0.5153505742648232,-0.6915222681480971,9.552491493080622e-06,-0.4964751270336977,0.1150549765835398,1.5952189873212756e-05,3289.914330409076,3306.2954686294506,-16.38113822037485,0.05567397915416477,645,True,True
UAI_env,pct_pobreza,incidence_mean_dengue,-0.06390954463818083,0.6368424192387812,-0.3706572408777417,0.004196239181336092,-0.06694935735510749,0.13052696602290492,0.6080101448010558,3308.1653910792666,3306.4284329145876,1.7369581646789811,0.030220329341199875,645,False,False
UAI_env,pct_pobreza,incidence_mean_malaria,-0.26677136243600547,0.06047299461083399,-0.3993320452618458,0.0019954810698068278,-0.2420034063273323,0.16673796591540083,0.14666863894320065,3304.759578434435,3304.8635495663048,-0.10397113186991191,0.034294714567879477,645,False,True
UAI_env,pct_pobreza,health_death_circ_mean,-0.030354658508207507,0.819925571639402,-0.4203331896687854,0.0013887324890994473,0.2410589185860406,0.11264864405328658,0.0323613529058407,3304.03350142048,3306.603555428773,-2.5700540082925727,0.03743142315638745,645,True,True
UAI_env,pct_pobreza,forest_cover,-0.16919099691670214,0.25392945726301397,-0.44518876376432553,0.0009657734864968357,-0.2864388460003707,0.1727221011334324,0.09724082828390034,3305.653664025578,3306.3740203211946,-0.7203562956165115,0.03255205525967897,645,False,True
UAI_env,pct_pobreza,mean_species_richness,-0.18968511388274814,0.18650271869995316,-0.5602767036767463,4.206405733025821e-05,-0.5406754286260735,0.13661484709983382,7.568686247029385e-05,3292.9338562723487,3306.3305587772065,-13.396702504857785,0.05113336430231788,645,True,True
UAI_env,pct_pobreza,pol_deficit,0.18685956703811904,0.23297422580640914,-0.4418950511570815,0.0011051892848862052,0.26700009254437773,0.16883630890420817,0.1137834220865389,3305.9709979499576,3306.4568994045494,-0.48590145459183987,0.03269323598012174,645,False,True
UAI_env,pct_rural,flooding_risks,0.3602252445572399,0.011392058822394902,-0.4185982358181609,0.001243056267592727,0.004274420892856248,0.13547668410659233,0.9748301436037841,3297.726160195839,3295.7271556771802,1.999004518658694,0.04387968480445877,645,False,False
UAI_env,pct_rural,fire_risk_index,0.24012497601193183,0.08395877743419651,-0.4388006034137478,0.0013796025883046088,-0.19114908117714124,0.14433152876580546,0.18537850380755772,3299.0761347148955,3298.8284046654107,0.24773004948474409,0.04656737710781614,645,False,False
UAI_env,pct_rural,hydric_stress_risk,-0.09141153237281903,0.49628486442927944,-0.599814374128504,4.7917799182808624e-05,-0.3432733534615613,0.1267029219656565,0.0067429951166689235,3298.076071212464,3303.376055753414,-5.2999845409503905,0.04626494985450974,645,True,True
UAI_env,pct_rural,incidence_mean_dengue,-0.22257740267301715,0.11639845219272274,-0.6308498887953936,9.552766965864174e-05,-0.258376337627698,0.16414442780733932,0.11546912929275395,3301.465793979325,3301.9436925799882,-0.4778986006631385,0.03909090467513016,645,False,True
UAI_env,pct_rural,incidence_mean_malaria,-0.28448038385921615,0.06532962149701368,-0.45525008956723395,0.0004128958300973715,-0.21304470303884684,0.1660862954283802,0.1995849357615761,3302.10945798832,3301.7531862364267,0.35627175189347327,0.03843703850766952,645,False,False
UAI_env,pct_rural,health_death_circ_mean,-0.007106062497697792,0.9568317311160937,-0.43481062513985635,0.0008398632633074965,0.09961546864334658,0.11740842795980225,0.39618604168157,3304.824643637522,3303.543991351841,1.2806522856808442,0.03522431679864046,645,False,False
UAI_env,pct_rural,forest_cover,0.08471660707530639,0.5520995993908793,-0.47067758952835814,0.0009606927410449375,0.01826378819722216,0.09917598854758618,0.853891591307866,3305.107072476487,3303.1409879474095,1.9660845290773068,0.034669296500880235,645,False,False
UAI_env,pct_rural,mean_species_richness,0.029977188850810438,0.8325098126009713,-0.40869743715445256,0.0019571704348643774,-0.1640233126227686,0.12182441527646555,0.17817640874409324,3303.635665097456,3303.443882220723,0.19178287673275918,0.03649371179684338,645,False,False
UAI_env,pct_rural,pol_deficit,0.008837016993874854,0.9524042975346463,-0.43855498175230695,0.0012450573632932472,0.010386105504373402,0.12942938636978896,0.9360421279079505,3305.537742056951,3303.5441809950726,1.9935610618786086,0.03432071688983119,645,False,False
UAI_env,pct_preta,flooding_risks,0.3689790448848669,0.016662330662094157,-0.07038547003107025,0.6016920596415435,0.03899520753645116,0.10371264444859524,0.7069222490531043,3307.610689752759,3305.7520447330116,1.8586450197472004,0.03315606236739663,645,False,False
UAI_env,pct_preta,fire_risk_index,0.3691253618441649,0.008788150030361184,-0.02928286264215107,0.830580176521406,-0.0071390591930882855,0.10519457870592572,0.9458928801655488,3309.2667300262183,3307.271335557605,1.9953944686130853,0.035772198521485374,645,False,False
UAI_env,pct_preta,hydric_stress_risk,0.08574335056098148,0.5034426627164358,0.01781573092336618,0.8927205830098718,0.1821742088355149,0.12035340436600732,0.13011193729919526,3313.9337288924835,3314.2213212913484,-0.2875923988649447,0.0241818359097473,645,False,True
UAI_env,pct_preta,incidence_mean_dengue,-0.044203372800436944,0.7520146356141917,0.024815672356627162,0.8554101664447544,0.032981101276437226,0.14050835184457566,0.8144206446693506,3316.627621779967,3314.6827122966233,1.9449094833435083,0.021201799576110278,645,False,False
UAI_env,pct_preta,incidence_mean_malaria,-0.5356949141759,0.0014281876983858863,0.011932362766791414,0.927355059776636,0.32767636205132117,0.0977817350736826,0.0008049126101053177,3304.129586783144,3313.270664514248,-9.141077731103906,0.0375989708458833,645,True,True
UAI_env,pct_preta,health_death_circ_mean,-0.02195055977253628,0.8770196480905634,0.006818119250236325,0.9609152521813873,-0.029873254034972443,0.12914233509869288,0.8170659150093632,3316.7237448389233,3314.7772414546234,1.946503384299831,0.02098824652066438,645,False,False
UAI_env,pct_preta,forest_cover,0.01391248456066292,0.9275620076342692,0.043145428751519825,0.7555464124448888,-0.07115311746371997,0.09976700338042765,0.4757264053574731,3316.257039362288,3314.765321664633,1.4917176976550763,0.02176683223309227,645,False,False
UAI_env,pct_preta,mean_species_richness,0.006480837711633956,0.9652573957452198,0.018009055018799937,0.8928652780400226,-0.023688875271014063,0.12971856869812884,0.8550981851945105,3316.756317185016,3314.7896610795833,1.9666561054327758,0.021216558563659525,645,False,False
UAI_env,pct_preta,pol_deficit,0.00244030487086169,0.988694451665692,0.02388175726643748,0.8656976406984431,0.014076446883110206,0.09889932491525297,0.8868185048702473,3316.7568420227262,3314.777098570308,1.9797434524180062,0.02129540114224684,645,False,False
UAI_env,pct_indigena,flooding_risks,0.39130864290274975,0.002430533865226839,-0.07859542449167678,0.6834367447244815,-0.339753690374608,0.47249629137599947,0.47210329050160216,3307.4072817816514,3305.923454461863,1.483827319788361,0.03278731146859467,645,False,False
UAI_env,pct_indigena,fire_risk_index,0.3658381397962135,0.006171329410641952,0.02646313694719941,0.8647424497369263,-0.05833074424132831,0.22167570805675454,0.7924461567797401,3309.065066142429,3307.134299019276,1.930767123152691,0.035771266999448215,645,False,False
UAI_env,pct_indigena,hydric_stress_risk,0.10363221957780776,0.42205127795694164,0.08238663342481338,0.7966209428616386,0.022634785702565427,0.17147700089201692,0.8949851147158494,3316.084442984129,3314.101866586082,1.9825763980470583,0.021371375638667818,645,False,False
UAI_env,pct_indigena,incidence_mean_dengue,-0.045599858993518,0.7439768570836895,0.02259573031950499,0.8853133184651968,0.015699308708586462,0.16219262716161606,0.9228898147767991,3316.6239862784123,3314.63335549564,1.990630782772314,0.021322623984984582,645,False,False
UAI_env,pct_indigena,incidence_mean_malaria,-0.46087656409011374,0.0163678048877236,0.19179531282494616,0.1816432184960185,0.7009847845402474,0.33477644338625545,0.03626985015287174,3310.843287108615,3313.212954856808,-2.3696677481930237,0.027942514936560532,645,True,True
UAI_env,pct_indigena,health_death_circ_mean,-0.012869895327586707,0.9239218759334403,-0.0030941555266521285,0.98236810348352,0.18344516250151963,0.3619468160420338,0.6122747683456513,3316.4636104401698,3314.720440582433,1.743169857736575,0.021476218744788795,645,False,False
UAI_env,pct_indigena,forest_cover,-0.026486882909376792,0.8659360026007967,0.036092785962802194,0.7934658541612152,0.01810198080912585,0.26010310235007555,0.9445156941716086,3316.7127291331753,3314.7175722842658,1.9951568489095735,0.021409710213002822,645,False,False
UAI_env,pct_indigena,mean_species_richness,0.004177352833469252,0.9775390594490244,0.030123535150004287,0.8181801585432316,-0.0027858024711890804,0.21861010474350245,0.9898326354746403,3316.7402368307758,3314.7403992210866,1.9998376096891661,0.02137522030555449,645,False,False
UAI_env,pct_indigena,pol_deficit,0.020866470290831253,0.8818556006458038,0.04638708047564462,0.7277179738181645,-0.08709721365399137,0.2906140622286645,0.7644055282059948,3316.643294418892,3314.7331117086233,1.9101827102686002,0.021645612000789363,645,False,False
UAI_env,idx_vulnerabilidad,flooding_risks,0.3565400576719113,0.009051508510726792,-0.4310335307604054,0.000590170517091612,-0.01814600684697371,0.15387114285687584,0.9061232102372132,3296.3876652549707,3294.4015708848056,1.9860943701651195,0.04611781876524094,645,False,False
UAI_env,idx_vulnerabilidad,fire_risk_index,0.23756231228459093,0.08448005713293873,-0.4051517782322002,0.0026648557972802005,-0.17993516791459013,0.13518335330764436,0.1831741037236766,3299.7184871143836,3299.487618975235,0.23086813914869708,0.04515987034536051,645,False,False
UAI_env,idx_vulnerabilidad,hydric_stress_risk,-0.12096076505165375,0.3845390057187671,-0.7087992617897746,2.7551959822607383e-06,-0.4229719322751259,0.1185431126432551,0.00035959950794162626,3291.1652385133666,3301.769471943402,-10.604233430035492,0.05617379796663976,645,True,True
UAI_env,idx_vulnerabilidad,incidence_mean_dengue,-0.11572470736879269,0.3958613793762039,-0.46568039037160813,0.00027314708968415095,-0.0429136887876084,0.12917332362564976,0.7397247372880296,3303.7048127690005,3301.8151731341286,1.8896396348718554,0.03645026783956202,645,False,False
UAI_env,idx_vulnerabilidad,incidence_mean_malaria,-0.18230763131954414,0.1389457762773653,-0.4226083853153119,0.0008218169245094719,0.443387253393614,0.2303773315015197,0.0542777666699323,3299.0834047598682,3300.776771608478,-1.6933668486099123,0.04334834108123251,645,False,True
UAI_env,idx_vulnerabilidad,health_death_circ_mean,-0.0656129204860994,0.61584038721479,-0.443767381725598,0.00043172084527700813,0.19225917713875829,0.12081740967526153,0.11153754680894028,3301.8597737105347,3302.3886662269506,-0.5288925164159082,0.040087757782464484,645,False,True
UAI_env,idx_vulnerabilidad,forest_cover,0.07648158508744934,0.5863003850877719,-0.4420309517173202,0.0005189305293267336,-0.11087211456742652,0.10456223346305347,0.28898735593283353,3303.2667438783865,3302.388766562345,0.8779773160413242,0.03702527401166206,645,False,False
UAI_env,idx_vulnerabilidad,mean_species_richness,-0.06621971146586773,0.6328412005493382,-0.5051325645479289,5.7955832014209126e-05,-0.41227340207504204,0.12106611169768706,0.0006607746780695729,3292.997193949159,3302.439987735156,-9.44279378599731,0.051054624144909314,645,True,True
UAI_env,idx_vulnerabilidad,pol_deficit,-0.02175946738381645,0.868910422310184,-0.45544596220309036,0.0003001127961266928,0.19434592570195486,0.14613119105292724,0.18353756852279857,3302.691880530533,3302.4524376509607,0.23944287957237975,0.037360431078120676,645,False,False
